,name,cmt,add,del,fixes,files,comments,pr,issues,handle_issue
0,kimchy,4781,839460,502833,415,37847,3461.0,149.0,1216.0,47.0
1,Mahendra M,1,1,1,0,1,,,,
2,Mahendra M,1,7,0,0,1,,,,
3,Adriano Ferreira,9,314,11,2,17,,,,
4,Tim Dysinger,2,29,29,0,21,,,,
5,harryf,1,150,1,0,5,4.0,2.0,5.0,0.0
6,Edward Dale,2,465,71,0,14,,,,
7,Alberto Paro,4,36,9,0,6,,,,
8,Benoit Sigoure,2,17,20,1,3,,,,
9,Charles Duffy,1,15,3,0,1,,,,
10,unknown,1,29,1,0,1,,,,
11,Igor Motov,762,153718,52842,67,5671,,,,
12,Karel Minarik,40,787,351,6,73,,,,
13,Joey Geiger,1,1,1,0,1,,,,
14,Clinton Gormley,1090,232695,28750,40,3489,,,,
15,Adam Creeger,1,24,0,0,2,,,,
16,webdevuser,2,40,8,0,3,,,,
17,Bobby T,1,3,0,0,1,,,,
18,Erick Tryzelaar,3,15,6,0,3,,,,
19,Ren¨¦ Scheibe,1,212,218,0,12,,,,
20,Paul_Loy,6,303,75,0,23,,,,
21,belevian,2,296,0,0,8,2.0,4.0,6.0,0.0
22,melix,2,289,4,0,10,5.0,1.0,3.0,0.0
23,Austin McKinley,1,2,0,1,1,,,,
24,Jonathan Evans,2,192,1,0,7,,,,
25,Jonathan R H Evans,1,1,1,0,1,,,,
26,Benjamin Dev¨¨ze,7,1067,86,2,36,,,,
27,David Pilato,3,104,4,0,5,,,,
28,acerb,1,8,14,0,1,2.0,2.0,2.0,0.0
29,LocJayMP,1,151,8,0,6,,,,
30,Njal Karevoll,9,59,14,0,13,,,,
31,Austin McKinley,1,3,0,0,1,,,,
32,Nicolas Huray,2,456,28,0,12,,,,
33,Pedro Alves,1,11,14,0,2,,,,
34,Hiroyuki Ikezoe,1,2,1,0,1,,,,
35,Jeremie BORDIER,2,109,9,0,2,,,,
36,Florian Gilcher,3,44,25,1,12,,,,
37,Aman Gupta,1,2,2,0,1,,,,
38,David Pilato,1432,99587,65317,115,5840,,,,
39,Aaron Sutter,1,4,2,0,1,,,,
40,George Chatzigeorgiou,1,3,0,0,1,,,,
41,Miquel Rodr¨ªguez Telep / Michael Rodr¨ªguez-Torrent,1,3,3,0,1,,,,
42,Peter,11,992,68,0,24,,,,
43,jayson.minard,4,80,10,1,5,,,,
44,bbgordonn,2,262,6,0,7,13.0,1.0,3.0,0.0
45,Lee Hinman,607,50366,25875,30,2625,,,,
46,Edward Wang,1,1,1,0,1,,,,
47,Damien Hardy,2,3,3,0,2,,,,
48,Olivier Favre,6,682,72,0,16,,,,
49,Jan Fiedler,1,1,1,0,1,,,,
50,barsk,2,36,8,0,2,2.0,1.0,3.0,0.0
51,Henac,2,142,9,0,7,,,,
52,Holden Karau,5,45,29,0,5,,,,
53,Barnaby Gray,1,14,0,0,1,,,,
54,alheim,1,22,2,0,1,,,,
55,Carnell Washington Jr,1,80,18,0,1,,,,
56,Fredrik Sundberg,1,1,1,0,1,,,,
57,Stefan Fussenegger,1,3,1,1,1,,,,
58,Radu Gheorghe,1,1,1,0,1,,,,
59,Robin Hughes,2,7,2,0,2,,,,
60,Jordi Boggiano,1,1,1,0,1,,,,
61,Simon Willnauer,2811,272664,254893,206,28775,,,,
62,Aurelien Requiem,5,17,13,0,5,,,,
63,Martijn van Groningen,4,562,49,1,11,,,,
64,Ozgur Orhan,1,6,6,0,5,,,,
65,Chris Male,5,4017,230,0,71,,,,
66,Petri Lehtinen,1,27,1,0,2,,,,
67,Matt Weber,23,8322,1273,2,129,,,,
68,Andrius Juozapaitis,2,6,4,0,2,,,,
69,Drew Raines,4,28,11,0,7,,,,
70,Martijn van Groningen,2668,297352,167046,234,14086,,,,
71,Jacob Evans,1,1,1,0,1,,,,
72,uboness,7,633,195,2,15,659.0,46.0,67.0,32.0
73,Sean Laurent,1,24,18,0,1,,,,
74,Kenn Knowles,1,2,2,0,1,,,,
75,Karel Minarik,12,661,954,1,25,,,,
76,Chris Male,9,2534,1081,0,122,,,,
77,Scott MacVicar,1,1,1,0,1,,,,
78,Aaron Dixon,1,25,4,1,4,,,,
79,Nicholas Tung,1,1,1,0,1,,,,
80,Mark Gallop,4,8,4,0,4,,,,
81,Alex Lambert,1,1,0,0,1,,,,
82,uboness,456,306991,67570,92,6956,659.0,46.0,67.0,32.0
83,Phil Kates,1,14,10,0,1,,,,
84,Dave Brosius,1,1,1,1,1,,,,
85,Jilles van Gurp,1,30,0,0,1,,,,
86,synhershko,16,377,52,0,23,132.0,26.0,82.0,0.0
87,Daniel Muller,1,1,1,0,1,,,,
88,Florian Schilling,1,90,513,0,14,,,,
89,morsegel,1,3,0,0,1,,,,
90,Jeffrey Gerard,1,49,4,1,2,,,,
91,Ilya Nazarov,1,1,1,0,1,,,,
92,Drew Raines,10,150,101,0,11,,,,
93,Jeremy Jongsma,1,1,1,0,1,,,,
94,tristanbuckner,1,47,40,0,1,0.0,1.0,2.0,0.0
95,Andrii Gakhov,1,2,2,1,1,,,,
96,Juan David Pastas,1,2,2,0,1,,,,
97,Alexander Reelsen,958,166001,109433,125,7088,,,,
98,Florian Schilling,22,10914,2976,2,213,,,,
99,Dmitry Zhlobo,1,6,1,0,1,,,,
100,adavis,2,64,6,0,4,,,,
101,Vinod Chandru,1,2,0,0,1,,,,
102,Leslie Wittig Quintanilla,3,11,1,0,4,,,,
103,Lucas Ward,1,40,0,0,3,,,,
104,Derek McNeil,1,71,0,0,3,,,,
105,Alexander Kahn,1,3,0,0,1,,,,
106,Brusic,15,368,80,1,30,,,,
107,Boaz Leskes,1127,104199,65649,123,5622,,,,
108,Karel Minarik,130,3788,726,1,243,,,,
109,Adrien Grand,1338,177703,213798,165,14386,,,,
110,iksnalybok,2,8,8,0,2,22.0,3.0,16.0,0.0
111,Christoph Kempen,1,2,1,0,1,,,,
112,Honza Kral,108,1982,1094,3,378,,,,
113,ejain,1,1,0,0,1,18.0,1.0,11.0,0.0
114,Dariusz Gertych,1,86,1,0,4,,,,
115,Britta Weber,373,38787,10157,58,1380,,,,
116,Zachary Tong,96,20421,3053,14,426,,,,
117,C¨¦dric HOURCADE,3,886,102,0,20,,,,
118,Drew Raines,80,85111,82525,3,1129,,,,
119,Luca Cavanna,1,1,1,0,1,,,,
120,Luca Cavanna,1580,117299,91844,178,8706,,,,
121,Brett Dargan,1,25,6,0,1,,,,
122,Luca Cavanna,1,883,106,0,17,,,,
123,skymeyer,1,4,0,0,1,1.0,1.0,1.0,0.0
124,Nik Everett,1854,245739,161057,149,16573,,,,
125,Peter Moberg,1,33,16,0,1,,,,
126,Manuel Bernhardt,1,4,0,0,1,,,,
127,Gianni O'Neill,1,9,1,0,1,,,,
128,Fr¨¦d¨¦ric Camblor,1,194,24,1,7,,,,
129,Dan Everton,1,1,1,1,1,,,,
130,Louis Gueye,1,1,1,0,1,,,,
131,Brad Fritz,1,2,2,0,2,,,,
132,matthewarkin,1,1,1,0,1,1.0,1.0,2.0,0.0
133,Costin Leau,156,67368,12685,19,1563,,,,
134,Spencer Alger,7,222,76,0,73,,,,
135,gtt116,1,1,1,0,1,0.0,1.0,1.0,0.0
136,spenceralger,10,15,14,0,8,,,,
137,Bernhard K. Weisshuhn,1,8,1,0,3,,,,
138,Ryan S. Brown,1,2,0,0,1,,,,
139,Ben McCann,3,9,3,0,3,,,,
140,Jonathan CHAMPION,1,2,2,0,2,,,,
141,Subhash Gopalakrishnan,1,20,1,0,3,,,,
142,Bogdan Dumitrescu,1,32,1,0,2,,,,
143,steve mayzak,4,7,11,0,4,,,,
144,Blake Smith,1,2,2,0,2,,,,
145,Jun Ohtani,89,8038,4084,15,310,,,,
146,Richard Boulton,3,8,8,1,3,,,,
147,Markus Fischer,2,10,3,0,2,,,,
148,Josh Canfield,1,2,0,0,1,,,,
149,Helton Alponti,1,27,16,0,2,,,,
150,Opak Alex,1,3,0,0,1,,,,
151,Dan Everton,1,8,3,0,1,,,,
152,Vojtech Hyza,1,55,36,0,2,,,,
153,Leonardo Menezes,6,132,7,1,15,,,,
154,Cory G Watson,1,3,0,0,1,,,,
155,Andrew Ochsner,1,1,1,0,1,,,,
156,Antoine Rey,1,1,1,0,1,,,,
157,Mark Elliot,1,1,1,0,1,,,,
158,mrsolo,35,1232,144,1,43,47.0,12.0,13.0,2.0
159,colings86,4,212,1,1,5,1935.0,359.0,549.0,460.0
160,Andrew Gross,1,2,2,1,1,,,,
161,Joe Pollard,1,53,64,0,1,,,,
162,Conrad Pankoff,1,9,9,0,3,,,,
163,Kevin Kluge,1,2,2,0,2,,,,
164,Yousef,2,2,2,0,2,,,,
165,Diego Ongaro,1,14,0,0,1,,,,
166,Sebastian Geidies,2,1021,164,0,17,,,,
167,Gr¨¦gory Quatannens,1,4,4,0,1,,,,
168,Chris Simpson,1,2,1,0,1,,,,
169,Richard Pijnenburg,4,61,7,0,5,,,,
170,Dawid Weiss,8,714,553,1,106,,,,
171,sam,2,5,5,0,3,,,,
172,markharwood,122,32460,3920,44,886,597.0,139.0,239.0,139.0
173,Rashid Khan,5,0,0,0,0,,,,
174,ohnorobo,1,611,722,0,2,0.0,1.0,2.0,0.0
175,LightGuard,1,2,0,0,2,0.0,1.0,1.0,0.0
176,Benjamin Vetter,2,21,16,0,9,,,,
177,Rob Cherry,1,114,34,0,3,,,,
178,Alexander Reelsen,2,1348,153,0,35,,,,
179,b.hwang,4,0,0,0,0,,,,
180,dpen2000,1,1,1,0,1,0.0,1.0,1.0,0.0
181,Andy Goldstein,2,14,1,0,2,,,,
182,Matthias Wahl,2,72,21,1,5,,,,
183,Paul Horn,1,1,1,0,1,,,,
184,Kendall Gifford,1,1,1,0,1,,,,
185,Chris Zelenak,1,1,1,0,1,,,,
186,Mark Conlin,1,2,8,0,2,,,,
187,George P. Stathis,7,239,65,0,23,,,,
188,Lars Francke,3,28,28,0,3,,,,
189,Evan Wong,1,1,1,0,1,,,,
190,Kevin,22,1921,89,2,77,,,,
191,tstibbs,1,9,9,1,3,7.0,1.0,16.0,0.0
192,Sean Gallagher,5,239,56,3,7,,,,
193,Mihnea Dobrescu-Balaur,1,1,0,0,1,,,,
194,James Yu,2,6,6,1,2,,,,
195,Oleg Anashkin,1,1,1,0,1,,,,
196,Brian Yoder,1,8,2,1,3,,,,
197,constantijn,1,8,1,0,2,4.0,2.0,3.0,0.0
198,jayesh.modi,1,18,6,0,2,,,,
199,Isabel Drost-Fromm,179,19164,8591,7,821,,,,
200,Kelsey Francis,1,1,1,0,1,,,,
201,hura,1,1,1,0,1,0.0,1.0,1.0,0.0
202,Binh Ly,5,1095,7,0,7,,,,
203,Nils Dijk,2,52,8,1,3,,,,
204,Chris Cowan,7,1,0,0,1,,,,
205,James Brook,1,684,21,0,19,,,,
206,Konrad Feldmeier,4,130,122,2,33,,,,
207,Hugues Malphettes,1,2,2,0,1,,,,
208,Chris Cowan,72,2170,90,5,62,,,,
209,Andrew Selden,21,10303,1550,4,165,,,,
210,Andrew Selden,3,0,0,1,0,,,,
211,Derek Slife,1,1,1,0,1,,,,
212,Mohsin Husen,1,3,0,0,1,,,,
213,Kurt Hurtado,2,93,22,1,2,,,,
214,rphadake,1,2,2,0,2,5.0,1.0,3.0,0.0
215,EvanYellow,1,49,2,1,2,0.0,1.0,1.0,0.0
216,Kenta Suzuki,3,808,22,0,8,,,,
217,Justin Etheredge,1,30,6,0,1,,,,
218,lzhoucs,1,1,1,1,1,0.0,1.0,2.0,0.0
219,Randy Stauner,2,10,6,0,2,,,,
220,Dridi Boukelmoune,1,2,2,0,1,,,,
221,David Smiley,1,105,54,0,9,,,,
222,Robert Muir,4,338,116,0,37,,,,
223,Richard Louapre,1,225,7,0,7,,,,
224,Konrad Beiske,26,3206,1382,2,85,,,,
225,Peter Dyson,26,330,25,3,28,,,,
226,Andrew O'Brien,3,4,4,0,3,,,,
227,Alex Brasetvik,2,42,1,0,5,,,,
228,Hannes Korte,1,6,6,0,5,,,,
229,Chris Earle,6,882,117,1,11,,,,
230,Radu Gheorghe,2,1,7,0,2,,,,
231,kul,1,59,11,0,2,29.0,2.0,11.0,0.0
232,Timo Rantalaiho,1,13,0,0,2,,,,
233,Daniel Winterstein,1,10,0,0,1,,,,
234,Karl Meisterheim,1,3,3,0,1,,,,
235,gabriel-tessier,6,8,8,3,6,1.0,6.0,6.0,0.0
236,Miltos Allamanis,2,39,39,0,5,,,,
237,wittyameta,3,6,2,0,3,3.0,5.0,5.0,0.0
238,Malte Schirnacher,2,6,4,0,2,,,,
239,eliasah,3,10,7,0,3,5.0,3.0,4.0,0.0
240,Scott Wilkerson,1,1,1,1,1,,,,
241,Kouhei Sutou,1,1,1,0,1,,,,
242,Christoph Frick,1,1,1,0,1,,,,
243,Xiao Yu,3,104,32,0,5,,,,
244,Uwe Schindler,76,2249,1885,9,278,,,,
245,Samuel Molinari,1,1,1,0,1,,,,
246,mikemccand,312,38068,39100,43,1951,845.0,138.0,222.0,168.0
247,Benoss,1,5,5,0,1,1.0,1.0,1.0,0.0
248,Uwe Dauernheim,1,1,1,0,1,,,,
249,Robert Muir,972,85700,73882,133,7222,,,,
250,Mansur Ashraf,1,3,0,0,1,,,,
251,Alex Ksikes,80,15833,7248,16,524,,,,
252,Audrey,2,4,4,0,2,,,,
253,Igal,2,2,2,0,2,,,,
254,Ali Bozorgkhan,1,1,1,0,1,,,,
255,Matthieu Bacconnier,1,1,1,0,1,,,,
256,Keiji Yoshida,1,1,1,0,1,,,,
257,Ìï´«Îä,1,3,0,0,1,,,,
258,violuke,3,3,3,0,3,1.0,3.0,3.0,0.0
259,cccabot,1,4,4,0,1,0.0,1.0,1.0,0.0
260,Alex Marandon,1,25,3,0,2,,,,
261,Rashid Khan,1,2,2,0,1,,,,
262,Tiago Alves Macambira,2,3,4,1,2,,,,
263,matdere,1,7,2,0,1,,,,
264,Mahesh Paolini-Subramanya,2,2,2,0,2,,,,
265,ericheiker,1,2,2,0,1,1.0,1.0,1.0,0.0
266,Gaurav Arora,2,2,2,1,2,,,,
267,Colin Goodheart-Smithe,171,41049,10682,25,1198,,,,
268,mateusz_kaczynski,1,85,14,0,5,,,,
269,Mathias Fussenegger,7,138,35,1,17,,,,
270,Wilkes Joiner,1,102,6,0,5,,,,
271,salyh,3,9,3,0,3,11.0,10.0,19.0,0.0
272,leonardo menezes,1,3,11,0,1,,,,
273,Steve Fuller,2,2,2,2,2,,,,
274,Patrik Ragnarsson,1,1,1,0,1,,,,
275,stephlag,5,9,9,0,6,5.0,6.0,6.0,0.0
276,darkwarriors,1,4,4,1,1,3.0,1.0,1.0,0.0
277,Rob Young,1,1,1,0,1,,,,
278,Israel Tsadok,3,10,4,0,3,,,,
279,Philip Stevens,1,7,7,0,1,,,,
280,Christian Wolfe,1,31,31,0,9,,,,
281,gseng,2,3,3,0,2,9.0,2.0,4.0,0.0
282,Jad Naous,1,3,3,0,1,,,,
283,Yervand Aghababyan,1,2,3,0,1,,,,
284,Evgeniy Sokovikov,1,1,1,0,1,,,,
285,fransflippo,1,4,4,0,1,5.0,1.0,1.0,0.0
286,Matthew L Daniel,2,38,14,0,3,,,,
287,Luke Fender,1,1,1,0,1,,,,
288,shadow000fire,1,3,1,0,1,9.0,1.0,7.0,0.0
289,Daniel Winterstein,1,1,1,0,1,,,,
290,Matt Janssen,1,2,2,0,1,,,,
291,Chris,1,1,1,0,1,,,,
292,Fitblip,1,165,4,1,6,24.0,1.0,2.0,0.0
293,Phil Wills,1,4,2,0,1,,,,
294,Peter Burkholder,1,6,1,0,1,,,,
295,mahdeto,1,10,0,0,1,10.0,3.0,5.0,0.0
296,Florian Hopf,8,12,9,0,9,,,,
297,Duncan Angus Wilkie,1,1,1,1,1,,,,
298,Ian Babrou,1,42,42,0,1,,,,
299,jnguyenx,1,1,1,0,1,1.0,1.0,1.0,0.0
300,hanneskaeufler,1,1,1,0,1,2.0,1.0,1.0,0.0
301,Mikhail Korobov,2,20,11,1,2,,,,
302,Shikhar Bhushan,1,3,0,0,1,,,,
303,Shinsuke Sugaya,1,2,0,0,1,,,,
304,Carsten Brandt,2,2,2,1,2,,,,
305,Andrii Gakhov,1,1,1,0,1,,,,
306,Nick Steele,1,1,1,0,1,,,,
307,Naoki Orii,1,3,3,0,1,,,,
308,Areek Zillur,457,62950,39819,77,2781,,,,
309,Iulia Pasov,2,2,1,1,2,,,,
310,Roman Sanchez,1,3,0,0,1,,,,
311,Valdis Rigdon,1,1,2,0,1,,,,
312,Areek Zillur,1,0,0,1,0,,,,
313,Guillaume Nodet,1,46,38,0,1,,,,
314,Brian Murphy,252,33225,9600,23,1388,,,,
315,Patrick Peschlow,5,532,10,3,9,,,,
316,Ryan Ernst,1944,132003,192981,198,26763,,,,
317,matt-preston,1,27,3,0,1,3.0,2.0,4.0,0.0
318,Peter Kim,1,2,2,0,1,,,,
319,Medcl,1,3,0,0,1,,,,
320,Peter Johnson @insertcoffee,3,4,5,0,3,,,,
321,babeya,1,2,2,0,1,0.0,1.0,1.0,0.0
322,rendel,1,1,0,0,1,3.0,1.0,3.0,0.0
323,Justin Honold,1,1,1,0,1,,,,
324,Brian Altenhofel,1,2,2,0,1,,,,
325,Greg Marzouka,34,619,135,3,37,,,,
326,Kurt Hurtado,1,1,1,0,1,,,,
327,Stefan Antoni,1,1,1,1,1,,,,
328,Skye Book,1,1,1,1,1,,,,
329,bitsofinfo,1,90,1,0,6,3.0,0.0,1.0,0.0
330,Simon (Big Chief) Morley,5,280,21,1,12,,,,
331,baldurh,1,1,1,0,1,0.0,1.0,1.0,0.0
332,olivier bourgain,10,115,94,3,14,,,,
333,Thomas Peuss,1,56,5,0,2,,,,
334,Gheorghita Catalin Bordianu,1,1,1,0,1,,,,
335,Chris Allen,1,6,0,0,1,,,,
336,Mark Walkom,2,91,45,0,2,,,,
337,Akshay Kapoor,1,1,1,0,1,,,,
338,Krishna Raj,2,4,2,0,2,,,,
339,Phil Freo,1,1,1,0,1,,,,
340,rdpatil4,1,3,0,0,1,3.0,1.0,1.0,0.0
341,Mpampis Kostas,2,2,2,0,2,,,,
342,c-a-m,42,6442,2225,8,284,6.0,0.0,4.0,0.0
343,Cristiano Fontes,3,147,63,0,13,,,,
344,londocr,1,2,1,0,1,0.0,1.0,1.0,0.0
345,Philip Wills,1,19,16,0,15,,,,
346,Michael Brackx,1,19,5,0,3,,,,
347,Renaud AUBIN,1,1,1,0,1,,,,
348,mdalton,1,1,1,0,1,,,,
349,Jon Dokulil,1,22,0,0,1,,,,
350,shrinidhichaudhari,1,1,1,0,1,1.0,1.0,1.0,0.0
351,Dominik Surowiecki,1,2,2,0,1,,,,
352,pachanta,1,11,2,0,1,3.0,1.0,1.0,0.0
353,Tanvir Alam,1,1,1,1,1,,,,
354,Joao Duarte,2,5,6,0,2,,,,
355,ansj,1,1,0,0,1,,,,
356,Ulrich Reffle,2,3,1,0,2,,,,
357,Philipp Jardas,1,1,1,0,1,,,,
358,Jordan Snodgrass,1,2,0,0,1,,,,
359,Zachary Wasserman,1,3,3,0,1,,,,
360,nandakishore15,1,2,2,0,1,1.0,1.0,1.0,0.0
361,corochoone,2,3,4,0,2,0.0,2.0,2.0,0.0
362,Sergii Golubev,9,23,19,3,9,,,,
363,mdzor,2,5,4,0,2,1.0,2.0,2.0,0.0
364,Thom Dixon,1,1,1,0,1,,,,
365,Christian Verkerk,2,9,7,0,2,,,,
366,HenrikOssipoff,1,1,1,0,1,5.0,1.0,4.0,0.0
367,Jake Buob,2,2,2,0,2,,,,
368,Paul Pearcy,1,1,1,0,1,,,,
369,Suyog Rao,3,4,4,0,4,,,,
370,Paul Echeverri,24,24,16,1,2,,,,
371,tlrx,883,150731,73287,83,7727,2536.0,604.0,689.0,194.0
372,Karel Minarik,12,12815,8665,3,304,,,,
373,Hang Su,1,1,1,1,1,,,,
374,sp836490,1,2,2,0,1,1.0,1.0,1.0,0.0
375,Henrik Nordvik,2,4,3,0,2,,,,
376,Chris Earle,20,634,242,0,37,,,,
377,Erik Ringsmuth,1,1,1,0,1,,,,
378,Derek Haynes,1,2,0,0,1,,,,
379,Son,1,9,12,0,3,,,,
380,Josh Kuhn,1,1,0,0,1,,,,
381,John Michael Luy,4,5,5,0,4,,,,
382,wmx3ng,1,2,1,0,1,0.0,1.0,1.0,0.0
383,Lukasz Dywicki,1,2,2,1,1,,,,
384,Ryan Grimm,1,2,2,0,1,,,,
385,Ayumi Yu,1,1,1,1,1,,,,
386,Erik Wyatt,1,3,1,0,1,,,,
387,Mark J Greene,1,3,6,0,1,,,,
388,Reuben Sutton,5,90,232,0,17,,,,
389,Andrei Kolosok,2,2,2,0,2,,,,
390,Brian Kim,1,5,5,1,1,,,,
391,Ron DuPlain,1,1,0,0,1,,,,
392,Randy D. Wallace Jr,1,1,0,0,1,,,,
393,Marcin Mikosik,1,1,1,1,1,,,,
394,Nirmal Chidambaram,2,87,21,1,8,,,,
395,Dmitriy Khvatov,1,1,1,0,1,,,,
396,Bruno Reni¨¦,3,67,34,0,12,,,,
397,J¨¦r¨¦my Lecour,1,1,1,0,1,,,,
398,Martijn Laarman,45,2265,1418,17,825,,,,
399,Satoyuki Tsukano,2,986,74,0,18,,,,
400,cmpich,2,3,3,0,2,0.0,2.0,2.0,0.0
401,astefan,1,5,0,0,1,828.0,189.0,479.0,127.0
402,Oliver Eilhard,2,5,3,0,2,,,,
403,Alex Leonhardt,1,1,0,0,1,,,,
404,Aarni Koskela,1,4,0,0,1,,,,
405,printercu,1,3,0,0,1,4.0,1.0,3.0,0.0
406,Kevin Kluge,3,13,6,1,4,,,,
407,Veres Lajos,1,89,89,1,54,,,,
408,Chris Mattmann,2,55,55,1,4,,,,
409,jdyer09,1,1,1,0,1,,,,
410,Andreas Kohn,12,60,39,0,20,,,,
411,Joel Taddei,1,1,1,0,1,,,,
412,Philip McMahon,1,13,2,0,3,,,,
413,Vidar Kongsli,1,3,3,0,2,,,,
414,Nicholas Knize,160,37815,21885,35,1498,,,,
415,nwarz,1,40,3,1,2,1.0,1.0,1.0,0.0
416,Ken Wu,2,11,3,1,2,,,,
417,Ryan Doyle,1,3,0,0,1,,,,
418,jaymode,485,133087,109203,86,5554,1516.0,302.0,392.0,78.0
419,Philipp Bogensberger,2,49,67,0,4,,,,
420,Thomas Cucchietti,3,4,4,2,3,,,,
421,Damien Alexandre,5,22,19,1,5,,,,
422,ananich,1,9,0,0,1,1.0,1.0,1.0,0.0
423,Mariam Hakobyan,1,1,0,0,1,,,,
424,dw,2,6,6,0,2,6.0,3.0,4.0,0.0
425,Alban Perillat-Merceroz,1,1,1,0,1,,,,
426,barbasa,1,1,1,0,1,1.0,1.0,1.0,0.0
427,Laurent Broudoux,1,2,0,0,1,,,,
428,Sebastian Ziebell,4,55,31,0,9,,,,
429,unknown,1,2,0,0,1,,,,
430,David Haney,2,10,2,0,2,,,,
431,Matt Hughes,1,1,0,0,1,,,,
432,tristanbob,2,7,0,0,2,2.0,2.0,2.0,0.0
433,Cl¨¦ment Tourri¨¨re,3,126,8,0,7,,,,
434,pmamat,1,4,0,0,1,2.0,1.0,1.0,0.0
435,Patrick Koenig,2,45,32,0,5,,,,
436,Dan Tuffery,2,2,2,0,2,,,,
437,Thilo Fromm,3,114,18,2,11,,,,
438,Peter Johnson a.k.a. insertcoffee,4,19,16,1,4,,,,
439,Louis Sautier,1,15,1,0,1,,,,
440,Ashraf Sarhan,1,2,2,0,1,,,,
441,Adam Menges,1,8,8,0,1,,,,
442,Alexander Clausen,1,2,2,0,1,,,,
443,Peter Fabian Mitchell,1,72,1,0,3,,,,
444,Martijn Laarman,11,54,389,1,21,,,,
445,Satoshi Kimura,1,2,2,0,1,,,,
446,Simone Scarduzio,1,7,2,0,1,,,,
447,Ayush,1,1,1,0,1,,,,
448,spapin,1,1,1,1,1,1.0,1.0,3.0,0.0
449,Timothy Perisho,1,5,5,0,1,,,,
450,Pablo D¨ªaz-L¨®pez,1,1,1,0,1,,,,
451,Yasir Bamarni,1,1,1,0,1,,,,
452,Sebastian Utz,4,327,319,2,40,,,,
453,Guillaume Hiron,1,22,9,0,2,,,,
454,Tomas Varaneckas,1,2,2,0,1,,,,
455,Janmejay Singh,1,2,0,0,1,,,,
456,dtpeacock,1,1,1,0,1,0.0,1.0,1.0,0.0
457,Christoph B¨¹scher,31,4023,1648,5,186,,,,
458,Tomoya Hirano,1,2,2,0,1,,,,
459,eBuildy,4,8,8,1,4,,,,
460,Joe Hillenbrand,2,1,1,0,1,,,,
461,Dmitry Polushkin,1,3,0,0,1,,,,
462,sweetest,1,57,5,0,4,11.0,4.0,14.0,0.0
463,jhtimmins,1,1,1,0,1,0.0,1.0,2.0,0.0
464,Thomas Eschemann,1,5,0,0,1,,,,
465,Andrew Ochsner,1,4,0,0,1,,,,
466,Aske Hansen,1,3,0,0,1,,,,
467,Sourav Mitra,1,2,2,0,2,,,,
468,simaov,2,17,4,0,3,0.0,1.0,2.0,0.0
469,J Charitopoulos,2,2,3,0,2,,,,
470,Oliver,1,1,1,0,1,,,,
471,Glen Smith,17,111,31,3,17,,,,
472,Nicholas Canzoneri,2,7,7,1,2,,,,
473,Adam,2,1,2,0,2,,,,
474,Masaru Hasegawa,14,771,281,1,46,,,,
475,Kenta Okamoto,1,1,1,0,1,,,,
476,Alfredo Serafini,1,1,1,0,1,,,,
477,Victor Buldakov,1,5,1,0,2,,,,
478,Blake Niemyjski,1,1,1,0,1,,,,
479,Serhiy Suprun,1,1,1,0,1,,,,
480,Marcin Matlaszek,1,2,2,0,1,,,,
481,Jerry,1,1,1,0,1,,,,
482,orenash,1,22,22,0,1,5.0,1.0,2.0,0.0
483,Michael Sander,2,2,2,1,2,,,,
484,IsaacHaze,1,11,11,0,1,2.0,1.0,2.0,0.0
485,cgp,1,1,1,0,1,0.0,1.0,1.0,0.0
486,Geoff Bourne,1,11,0,0,1,,,,
487,Pius,3,5,2,0,3,,,,
488,Matias Tealdi,1,0,0,1,3,,,,
489,paul-e-cooley,1,63,0,0,4,,,,
490,Petr Bela,1,1,1,1,1,,,,
491,mikemccand,1,4,2,0,1,845.0,138.0,222.0,168.0
492,Simon Willnauer,371,32195,36065,27,2591,,,,
493,Joshua Rich,4,1,1,2,1,,,,
494,Robert Muir,280,1,1,18,1,,,,
495,Al Lefebvre,1,2,0,0,1,,,,
496,Corey Daley,1,1,1,0,1,,,,
497,popovae,1,5,0,0,1,1.0,1.0,1.0,0.0
498,Asimov4,2,6,6,0,2,7.0,2.0,6.0,0.0
499,Devin Chollak,2,4,4,0,2,,,,
500,Tim Schlechter,2,1,4,0,2,,,,
501,Sylwester Lachiewicz,2,9,9,0,3,,,,
502,Glen Smith,1,1,0,0,1,,,,
503,Sebastian Monte,1,31,41,1,13,,,,
504,David Wittman,1,3,3,0,2,,,,
505,Lucas Chi,1,1,1,0,1,,,,
506,Ryan Schneider,1,3,0,0,1,,,,
507,Eike Dehling,1,41,2,0,2,,,,
508,Guillaume Dievart,1,1,1,0,1,,,,
509,B1nj0y,1,1,1,0,1,,,,
510,Maurizio De Magnis,1,1,1,0,1,,,,
511,Dustin Shiver,1,8,4,0,1,,,,
512,Christian Rohling,1,2,0,0,1,,,,
513,Isabel Drost-Fromm,72,2841,2247,16,121,,,,
514,joelbourbon,1,1,1,0,1,2.0,1.0,1.0,0.0
515,Stefan,1,14,14,0,1,,,,
516,blackorzar,1,4,0,0,1,2.0,2.0,2.0,0.0
517,marko asplund,1,8,8,1,1,,,,
518,Spencer Alger,4,15,15,3,6,,,,
519,David Pursehouse,3,37,22,0,9,,,,
520,Benoit Delbosc,2,18,12,0,2,,,,
521,Julie Tibshirani,1,79,3,0,2,,,,
522,Jack Conradson,337,134086,80757,26,4553,,,,
523,Alexander,1,1,1,1,1,,,,
524,Mal Curtis,1,1,1,0,1,,,,
525,Adam Mollenkopf,1,1,1,0,1,,,,
526,Mehdi Mollaverdi,1,2,2,0,1,,,,
527,Mark Mulder,1,4,4,0,1,,,,
528,Christine,1,4,4,0,1,,,,
529,navins,1,3,3,0,1,,,,
530,minde-eagleeye,1,1,1,0,1,2.0,1.0,3.0,0.0
531,aleph-zero,8,1410,68,2,25,168.0,48.0,71.0,29.0
532,Antonio Bonuccelli,3,24,1,0,3,,,,
533,Mikael Mattsson,1,3,0,0,1,,,,
534,Cl¨¦ment Sala¨¹n,1,1,1,0,1,,,,
535,Pascal Borreli,2,54,54,0,45,,,,
536,Christoph B¨¹scher,817,59637,33188,48,3667,,,,
537,josephwolnskipn,1,59,59,0,1,,,,
538,Scott Chamberlain,2,7,1,0,2,,,,
539,Yannick Welsch,1,389,74,0,3,,,,
540,Colin Goodheart-Smithe,718,443515,219173,122,6433,,,,
541,Eduardo Gurgel,1,2,2,0,1,,,,
542,Alex Chan,2,9,9,0,7,,,,
543,jzinner,1,4,0,0,2,0.0,2.0,4.0,0.0
544,Ryan Schneider,3,5,3,0,2,,,,
545,Spyros Kapnissis,1,14,0,0,3,,,,
546,Gasol Wu,1,46,0,0,1,,,,
547,Kis Marcell,1,43,20,0,4,,,,
548,Timur,1,1,1,1,1,,,,
549,Michael McCandless,43,482,239,1,47,,,,
550,Chelsea  Lura,1,1,1,0,1,,,,
551,Robin Clarke,7,21,11,1,7,,,,
552,Steve Kearns,2,436,409,0,3,,,,
553,srogljan,1,2,2,1,2,1.0,1.0,1.0,0.0
554,Shaunak Kashyap,86,889,449,6,114,,,,
555,Mark Walkom,18,72,43,0,19,,,,
556,Nirmal Chidambaram,1,104,1,0,6,,,,
557,oyiadom,3,7,1,0,3,1.0,4.0,4.0,0.0
558,Iarwa1n,1,1,1,0,1,0.0,1.0,1.0,0.0
559,caldwecr,2,6,5,0,2,0.0,2.0,2.0,0.0
560,Johannes Barthelmes,1,20,12,0,1,,,,
561,Artur Cygan,1,13,13,0,1,,,,
562,Luca Cavanna,447,47510,27311,35,2708,,,,
563,Carol Willing,1,1,1,0,1,,,,
564,Wolfgang Karall,1,4,1,0,1,,,,
565,Khalah Jones Golden,9,0,0,1,0,,,,
566,Khalah Jones-Golden,23,33,56,0,3,,,,
567,szroland,8,222,25,0,11,5.0,6.0,7.0,0.0
568,Ruslan Boyarskiy,1,1,1,0,1,,,,
569,William Li,1,2,2,0,1,,,,
570,astefan,141,34440,6887,17,1082,828.0,189.0,479.0,127.0
571,jhr007,1,13,2,0,1,0.0,1.0,1.0,0.0
572,Jason Tedor,2792,294372,210986,420,17785,,,,
573,Jakob Reiter,1,5,5,0,1,,,,
574,johnpickett,1,1,1,1,1,0.0,1.0,1.0,0.0
575,William Webber,3,3,3,0,3,,,,
576,Tyler Langlois,4,14,10,1,4,,,,
577,Israel Ekpo,1,3,3,0,1,,,,
578,Jay Modi,328,63396,39696,44,4149,,,,
579,johnfrederik,1,1,1,0,1,,,,
580,John Roesler,1,6,0,1,1,,,,
581,Joshua Rich,1,17,0,0,1,,,,
582,debadair,54,4959,3744,0,169,444.0,128.0,145.0,82.0
583,Chris Roche,1,2,2,0,1,,,,
584,Scott Florentino,2,11,3,0,2,,,,
585,Alexander Clare,2,8,3,0,2,,,,
586,Ruflin,6,307,65,0,8,,,,
587,Chris Earle,103,12870,8337,7,524,,,,
588,khiraiwa,1,1,1,0,1,0.0,2.0,2.0,0.0
589,xuzha,30,2478,595,1,145,47.0,33.0,38.0,2.0
590,Dave Parfitt,4,278,9,0,10,,,,
591,Dave Parfitt,3,0,0,0,0,,,,
592,Suyog Rao,4,72,23,0,5,,,,
593,Jamie White,1,1,1,0,1,,,,
594,Sylvain Zimmer,2,6,1,0,2,,,,
595,Lee Hinman,302,58079,26115,28,3279,,,,
596,kakakakakku,2,3,5,0,2,0.0,2.0,2.0,0.0
597,Scott Florentino,1,0,0,1,0,,,,
598,loopmachine,1,2,2,0,1,0.0,1.0,1.0,0.0
599,Xu Zhang,13,0,0,0,0,,,,
600,keety,1,40,1,1,3,0.0,1.0,3.0,0.0
601,saschamarkus,1,14,1,0,2,0.0,2.0,2.0,0.0
602,Andrey Fadeyev,3,38,12,0,3,,,,
603,Harish Kayarohanam,2,20,2,0,2,,,,
604,Jason Tedor,1,1,1,0,1,,,,
605,Ian Truslove,1,2,2,0,1,,,,
606,Murilo Pereira,2,6,6,0,2,,,,
607,Jim Hooker,2,18,18,0,6,,,,
608,Andr¨¦ Carvalho,14,181,42,0,25,,,,
609,Fabian Selles Rosa,1,51,2,0,2,,,,
610,Spencer,19,36,37,2,13,,,,
611,Ivannikov Kirill,15,242,98,2,17,,,,
612,Marshall Bockrath-Vandegrift,1,23,15,0,1,,,,
613,Shane Connelly,15,152,126,0,18,,,,
614,Britta Weber,41,14789,962,9,111,,,,
615,DeDe Morton,18,1034,927,0,21,,,,
616,ramky1982,1,1,1,0,1,0.0,1.0,1.0,0.0
617,Paul Echeverri,5,534,8,2,9,,,,
618,Alexander Pepper,1,6,5,0,1,,,,
619,Rashmi Kulkarni,7,302,0,2,5,,,,
620,Pedro Andujar,1,2,2,0,1,,,,
621,Tim Sullivan,97,677,117,34,31,,,,
622,Michael Schonfeld,2,2,3,0,4,,,,
623,Scott Kingsley Clark,1,1,1,0,1,,,,
624,Robert Berg,1,3,7,0,1,,,,
625,Camilo D¨ªaz Repka,5,513,234,0,100,,,,
626,Mikko Nyl¨¦n,1,3,1,0,1,,,,
627,ulkas,1,1,1,1,1,1.0,1.0,1.0,0.0
628,Taehee Kim,1,1,1,0,1,,,,
629,Alex Chow,1,52,18,0,8,,,,
630,Jason Veatch,2,3,2,0,2,,,,
631,Jose Diaz-Gonzalez,1,1,1,0,1,,,,
632,Yannick Welsch,115,7414,3792,31,323,,,,
633,Alex,1,1,1,0,1,,,,
634,Michele Palmia,1,1,1,0,1,,,,
635,Kevin Kirsche,2,6,2,0,2,,,,
636,Robert,3,6,2,0,3,,,,
637,Patrick Kaufmann,1,1,1,0,1,,,,
638,Court Ewing,17,28,5,5,3,,,,
639,Sarwar Bhuiyan,3,17,31,0,3,,,,
640,PhaedrusTheGreek,2,6,5,1,5,2.0,4.0,53.0,0.0
641,bharvi,2,2,2,0,2,,,,
642,Pius,11,17,14,0,10,,,,
643,Tal Levy,201,22281,14947,36,936,,,,
644,Tal Levy,289,41717,14277,61,2178,,,,
645,Jason O'Donnell,6,6,6,0,6,,,,
646,jmferrer,1,1,1,0,1,0.0,1.0,1.0,0.0
647,Christian Haudum,1,105,1,0,5,,,,
648,Jeff Destine,1,2,0,0,1,,,,
649,jurgc11,1,1,0,0,1,0.0,2.0,3.0,0.0
650,Brady Vidovic,1,1,1,0,1,,,,
651,Yuhao Bi,3,14,2,2,4,,,,
652,David Tvaltchrelidze,1,1,1,0,1,,,,
653,Daniel Mitterdorfer,107,7489,2956,5,503,,,,
654,KangYongKyun,1,2,2,0,1,,,,
655,Your Full Name,1,35,9,1,2,,,,
656,Lukas Olson,110,424,424,44,30,,,,
657,girirajsharma,1,1,1,0,1,0.0,2.0,3.0,0.0
658,William Bowling,2,160,62,0,8,,,,
659,andrejserafim,3,423,46,1,38,9.0,7.0,11.0,0.0
660,Chris Earle,106,14979,5674,5,667,,,,
661,Vishnu Valleru,1,1,1,0,1,,,,
662,Peter Lebedev,1,16,0,0,1,,,,
663,J Grubb,1,3,3,0,1,,,,
664,Kopylov German,1,1,1,0,1,,,,
665,craigwi,1,774,167,0,16,7.0,1.0,3.0,0.0
666,Jamie McCarthy,1,5,6,0,1,,,,
667,William,1,1,1,0,1,,,,
668,Shikhar Bhushan,1,1,0,0,1,,,,
669,Dominik Stadler,5,1540,99,0,27,,,,
670,Timothy Sullivan,6,22,2144,0,37,,,,
671,Jimmi Dyson,1,1,0,0,1,,,,
672,tomoya yokota,1,2,2,0,1,,,,
673,Jason Spafford,1,1,1,0,1,,,,
674,Shintaro Kaneko,1,1,1,0,1,,,,
675,Johnny Lim,2,21,23,0,3,,,,
676,Jim Ferenczi,3,311,187,0,12,,,,
677,Jim Ferenczi,588,93899,46980,101,5439,,,,
678,Jochen Schalanda,1,10,0,0,1,,,,
679,Rhommel Lamas,2,2,0,0,2,,,,
680,Xavier Coulon,1,1,1,0,1,,,,
681,Ryan,2,13,6,0,2,,,,
682,Gao Yingkai,1,4,2,0,1,,,,
683,Ben Tse,1,1,1,1,1,,,,
684,Myll,1,68,63,0,10,,,,
685,Paulo Martins,1,8,8,0,2,,,,
686,Khalah Jones Golden,1,0,0,0,0,,,,
687,Lukas Olson,1,0,0,0,0,,,,
688,Andrew Williams,1,5,4,0,1,,,,
689,Felipe Forbeck,7,217,135,1,11,,,,
690,umeku,1,4,4,0,1,0.0,1.0,1.0,0.0
691,soinlv,1,0,1,0,1,0.0,1.0,1.0,0.0
692,Jason Bryan,3,4,3,0,2,,,,
693,kwangsik,1,1,1,0,1,,,,
694,socurites,2,2,2,0,2,0.0,4.0,5.0,0.0
695,Dave,1,124,4,0,4,,,,
696,mysqlguru,1,1,1,0,1,,,,
697,omiend,1,1,1,0,1,0.0,2.0,3.0,0.0
698,Devi,1,1,1,1,1,,,,
699,David Roberts,6,20,16,0,5,,,,
700,Eugene Pirogov,1,12,13,0,1,,,,
701,Imran Azad,1,96,0,0,2,,,,
702,Nick,2,4,4,0,2,,,,
703,nick.a.sarbicki@gmail.com,1,2,3,0,1,,,,
704,Ali Beyad,276,31520,16080,43,1588,,,,
705,Joe Fleming,44,0,0,19,0,,,,
706,Ryan Schneider,1,25,0,0,1,,,,
707,Kiyan,1,1,1,0,1,,,,
708,Rachit Gupta,1,1,1,0,1,,,,
709,Kevin Adams,1,1,2,1,1,,,,
710,Ofir,3,2,1,0,3,,,,
711,Mike McCandless,32,857,571,2,242,,,,
712,LeeDr,3,5,5,1,4,0.0,3.0,18.0,0.0
713,Prayag Verma,1,1,1,0,1,,,,
714,Russell Cohen,1,3,0,0,1,,,,
715,Yannick Welsch,638,74650,53817,47,3608,,,,
716,Chris Moultrie,1,18,1,0,1,,,,
717,Dongjoon Hyun,9,275,275,1,196,,,,
718,gaelL,1,1,1,1,1,0.0,1.0,1.0,0.0
719,Laurent Defert,1,1,1,0,1,,,,
720,James Bertouch,4,101,14,0,14,,,,
721,Konstantin Delchev,1,1,1,0,1,,,,
722,evanfreed,1,1,1,0,1,0.0,1.0,2.0,0.0
723,Andrey Ryaguzov,1,20,8,0,2,,,,
724,Alexander Kazakov,30,1844,745,2,145,,,,
725,Geoff Wagstaff,1,1,1,0,1,,,,
726,James Kerr,1,1,1,0,1,,,,
727,Vector241-Eric,1,1,1,0,1,0.0,1.0,1.0,0.0
728,Christopher Taylor,1,1,1,0,1,,,,
729,Andrew Cholakian,6,307,171,0,18,,,,
730,thefourtheye,6,28,20,1,6,1.0,8.0,8.0,0.0
731,Zachary Tong,143,67937,16691,17,1705,,,,
732,Ed Winn,1,1,1,0,1,,,,
733,Jared Carey,3,2,1,0,2,,,,
734,Joe Fleming,15,0,0,9,0,,,,
735,Michael Stockerl,2,35,23,0,3,,,,
736,Thomas Hunter II,1,1,1,0,1,,,,
737,Simon Willison,1,7,0,0,1,,,,
738,Philip Ottesen,1,28,0,0,2,,,,
739,pengqiuyuan,1,1,1,0,1,0.0,1.0,2.0,0.0
740,Nicolas Tr¨¦segnie,1,222,2,0,4,,,,
741,Dan Jasek,1,40,22,1,7,,,,
742,qwerty4030,8,2926,1555,1,135,66.0,12.0,15.0,0.0
743,Yanjun Huang,1,48,2,0,5,,,,
744,Joe Hillenbrand,1,5,5,0,5,,,,
745,Dimitrios Liappis,8,71,55,1,8,,,,
746,Dimitrios Liappis,40,829,258,3,69,,,,
747,Jeff,1,1,1,0,1,,,,
748,Mahmoud Lababidi,1,21,10,0,1,,,,
749,Jimmy Jones,1,173,168,1,22,,,,
750,Dmitrii Izgurskii,1,1,1,0,1,,,,
751,Ibrahim Awwal,1,1,1,0,1,,,,
752,Daniil Penkin,1,10,1,0,1,,,,
753,val,3,11,11,0,5,,,,
754,Herbert Fischer,1,5,2,0,2,,,,
755,Jonathan Budzenski,9,263,113,0,4,,,,
756,bloublou,1,1,1,0,1,,,,
757,LeonardGC,1,1,1,0,1,0.0,1.0,4.0,0.0
758,Danilo Vaz,1,10,10,0,9,,,,
759,Russ Cam,31,1645,623,2,273,,,,
760,Jay Greenberg,3,3,2,0,2,,,,
761,ericamick,4,5,5,0,4,0.0,5.0,5.0,0.0
762,chenxiang,5,187,26,1,10,,,,
763,Mike Buhot,1,6,0,0,1,,,,
764,Jihun No,2,2,2,0,2,,,,
765,Gabriel Moskovicz,4,83,9,0,4,,,,
766,Robin Joseph,1,1,1,0,1,,,,
767,Josef Salyer,1,8,7,1,1,,,,
768,Todd Dicken,1,1,1,0,1,,,,
769,Kelsey DeJesus-Banos,1,1,1,0,1,,,,
770,Radovan Ondas,1,1,1,1,1,,,,
771,Zack Dever,1,1,1,0,1,,,,
772,jasonquick,1,1,1,0,1,0.0,1.0,1.0,0.0
773,John Barker,1,1,0,0,1,,,,
774,Aaron Mildenstein,3,6,6,0,5,,,,
775,Shubham Aggarwal,3,4,4,0,3,,,,
776,Daniel Mitterdorfer,69,6583,3972,5,464,,,,
777,Rodolfo Martinez,1,2,1,0,1,,,,
778,Kyle Gochenour,1,1,1,0,1,,,,
779,Jeff Evans,2,38,5,0,4,,,,
780,eratio08,2,4,1,0,2,3.0,2.0,2.0,0.0
781,Julien Pivotto,1,17,0,0,1,,,,
782,G. Richard Bellamy,1,17,17,0,4,,,,
783,Christoph Wurm,9,6211,13,0,24,,,,
784,GUILLAUME GROSSETIE,1,28,28,0,2,,,,
785,Stefan Scherer,1,44,31,0,4,,,,
786,trangvh,1,2,2,0,2,0.0,2.0,2.0,0.0
787,gfyoung,12,989,182,1,42,37.0,4.0,4.0,0.0
788,Vladimir Kovpak,1,1,1,0,1,,,,
789,Philips Kokoh,1,2,2,0,1,,,,
790,Alexander Lin,11,2381,660,1,183,,,,
791,Mateusz Rzepa,1,15,0,0,1,,,,
792,Eric Sherman,1,1,1,0,1,,,,
793,Jerry Liu,1,1,1,1,1,,,,
794,Honza Kr¨¢l,6,41,20,0,13,,,,
795,Matt Bargar,2,0,0,2,0,,,,
796,jalvar08,2,2,2,0,2,0.0,2.0,2.0,0.0
797,Leon Weidauer,1,40,36,0,1,,,,
798,Christoph Wurm,2,10,13,0,2,,,,
799,Justin Patrin,1,3,1,0,1,,,,
800,CJ Cenizal,10,22,8,0,2,,,,
801,Sho Minagawa,1,1,1,0,1,,,,
802,James Baiera,53,8261,1725,8,224,,,,
803,Folusho Oladipo,2,3,4,0,2,,,,
804,Michael Nitschinger,2,61,5,0,4,,,,
805,kingrhoton,2,3,3,0,2,0.0,4.0,4.0,0.0
806,Jared McQueen,1,1,1,0,1,,,,
807,adityasinghraghav,1,1,1,0,1,0.0,2.0,2.0,0.0
808,Brandon Wulf,1,1,1,0,1,,,,
809,Mary,1,1,1,1,1,,,,
810,debadair,135,30576,10918,5,866,444.0,128.0,145.0,82.0
811,Ryan Biesemeyer,1,1,1,0,1,,,,
812,Ludo,1,1,1,0,1,,,,
813,Thiago Souza,7,68,7,2,6,,,,
814,Munish Goyal,3,3,3,0,3,,,,
815,ddddn,1,1,1,0,1,,,,
816,Tyler Smalley,3,0,3,0,1,,,,
817,Josh Becker,1,1,1,0,1,,,,
818,Greg Ichneumon Brown,2,3,1,1,4,,,,
819,Stian Lindhom,1,32,1,0,3,,,,
820,nrichers,3,6,6,1,4,1.0,7.0,7.0,0.0
821,antonisppn,1,1,1,0,1,0.0,1.0,1.0,0.0
822,chico chen,1,1,1,0,1,,,,
823,makeyang,3,15,43,0,3,16.0,9.0,94.0,0.0
824,Yevhen Bobrov,1,48,0,1,2,,,,
825,Tobias G¨¹nther,1,3,1,0,1,,,,
826,Alexander Guz,3,9,2,0,3,,,,
827,David Kyle,3,71,1,0,3,,,,
828,David Roberts,502,130344,94265,44,4877,,,,
829,David Kyle,414,51755,23320,11,2808,,,,
830,Tom Veasey,1,0,0,0,0,,,,
831,Dimitrios Athanasiou,537,103112,38096,53,4566,,,,
832,Anatolii Stepaniuk,1,4,4,1,4,,,,
833,Joshua Rich,2,64,66,0,2,,,,
834,jaymode,121,1623,1430,22,257,1516.0,302.0,392.0,78.0
835,Tom Manterfield,1,3,2,0,2,,,,
836,Lucas Bremgartner,2,4,1,0,2,,,,
837,Thibaud BARDIN,2,2,2,0,2,,,,
838,brandonkearby,1,57,9,0,2,0.0,1.0,1.0,0.0
839,Uli Fahrer,1,1,1,0,1,,,,
840,kunal642,1,32,32,0,17,6.0,6.0,7.0,0.0
841,Quinn Shanahan,1,1,1,0,1,,,,
842,Monica Sarbu,1,0,0,0,0,,,,
843,Fanfan,2,11,12,1,7,,,,
844,Praveen Shukla,1,1,1,0,1,,,,
845,Li Weinan,1,6,1,0,1,,,,
846,Stanislav Mamontov,1,1,1,0,1,,,,
847,LakumiNarayanan,1,1,1,0,1,0.0,1.0,1.0,0.0
848,Craig Squire,1,6,7,0,2,,,,
849,Adriel Dean-Hall,1,34,2,0,1,,,,
850,Andreas Creten,1,2,0,0,1,,,,
851,Loek van Gool,4,21,7,1,4,,,,
852,Joeyn414,1,1,1,1,1,0.0,1.0,1.0,0.0
853,lslxdx,1,1,1,0,1,0.0,1.0,1.0,0.0
854,Sandeep Kanabar,4,4,4,0,4,,,,
855,Sumit Gupta,1,1,1,0,1,,,,
856,Bryan Karlovitz,1,1,1,0,1,,,,
857,Tim Vernum,216,78548,13574,15,1874,,,,
858,Luca Wintergerst,2,2,7,2,1,,,,
859,ismael-hasan,1,2,2,0,1,0.0,1.0,6.0,0.0
860,Jeffery Bradberry,1,1,1,0,1,,,,
861,Ludovic Dubost,1,4,1,0,1,,,,
862,Chris Fritz,1,2,2,0,1,,,,
863,Trey Tacon,1,1,1,0,1,,,,
864,Erel2,1,5,0,0,1,0.0,1.0,1.0,0.0
865,Adrin Jalali,8,12,12,3,8,,,,
866,umeshdangat,1,115,7,0,3,0.0,3.0,3.0,0.0
867,Ahmad Ragab,1,1,1,0,1,,,,
868,Achraf,2,4,4,0,2,,,,
869,Carney Wu,1,1,1,0,1,,,,
870,Sho Yoshida,1,3,0,0,1,,,,
871,Aaron Bull Schaefer,4,18,0,0,3,,,,
872,shaie,4,394,31,1,15,11.0,4.0,7.0,0.0
873,Arthur,1,2,2,0,1,,,,
874,Ke Li,1,8,12,0,6,,,,
875,nelsonSchwarz,1,5,2,0,1,0.0,1.0,1.0,0.0
876,Allen Torres,1,1,1,0,1,,,,
877,makeyang,4,85,16,2,4,16.0,9.0,94.0,0.0
878,Daniel Mitterdorfer,48,231,138,0,65,,,,
879,Nikhil Patel,1,1,1,1,1,,,,
880,Thibault Pierre,1,1,1,0,1,,,,
881,Guilherme,1,7,0,0,1,,,,
882,Juan Paulo Gutierrez,1,1,1,0,1,,,,
883,Matias Anaya,1,1,1,0,1,,,,
884,Stacey Gammon,3,41,1,1,2,,,,
885,Matthew Haugen,1,1,1,0,1,,,,
886,Artur Nowosielski,1,58,1,0,2,,,,
887,yutaono,1,1,0,0,1,0.0,1.0,1.0,0.0
888,Matt Sicker,1,2,2,0,1,,,,
889,Aaron Spiegel,1,268,6,0,6,,,,
890,Pablo Musa,3,4,4,1,3,,,,
891,Grzegorz Gajos,1,131,9,0,3,,,,
892,Tim B,372,76659,41323,49,8079,,,,
893,Gameldar,3,124,7,0,4,,,,
894,Nic Palmer,3,9,1,0,5,,,,
895,Rui Hu,1,2,2,0,1,,,,
896,Francesc Gil,2,6,6,0,2,,,,
897,Gameldar,1,1,1,0,1,,,,
898,St¨¦phane Campinas,12,314,111,0,18,,,,
899,Dave Richardson,1,2,2,0,1,,,,
900,Mike Dias,1,1,0,0,1,,,,
901,Thomas Neirynck,1,0,0,0,0,,,,
902,Johannes Kanavin,1,2,2,0,1,,,,
903,animageofmine,1,11,1,0,4,7.0,2.0,5.0,0.0
904,henakamaMSFT,1,1,1,0,1,3.0,2.0,3.0,0.0
905,A.N,1,1,1,0,1,,,,
906,Jake,2,4,1,0,2,,,,
907,Chris Adams,1,11,6,0,1,,,,
908,David Cho-Lerat,3,5,5,1,3,,,,
909,Jack Conradson,11,60,7041,0,355,,,,
910,Hendrik Muhs,195,50501,19242,53,1871,,,,
911,Suyog Rao,5,894,65,0,20,,,,
912,maciejkula,1,4,1,0,1,2.0,1.0,2.0,0.0
913,Elijah,1,1,0,0,1,,,,
914,Alex,1,2,1,0,2,,,,
915,Elijah,3,9,9,1,3,,,,
916,Scott Somerville,4,799,94,0,24,,,,
917,James Gowdy,2,0,0,0,0,,,,
918,Ke Li,1,2,2,0,1,,,,
919,Patryk Krawaczy¨½ski,2,5,4,0,2,,,,
920,srgclr,1,4,0,0,1,1.0,1.0,2.0,0.0
921,Anil Bawa-Cavia,1,3,0,0,1,,,,
922,Alex Bumbu,1,45,26,0,5,,,,
923,Mathieu Berube,1,1,1,0,1,,,,
924,Shubham Aggarwal,2,2,2,1,2,,,,
925,alamzeeshan,1,2,14,0,1,0.0,1.0,1.0,0.0
926,Rob Moore,1,1,1,0,1,,,,
927,Chris Buonocore,1,10,0,0,2,,,,
928,AlexNodex,2,2,2,0,2,0.0,2.0,2.0,0.0
929,Jordan Robinson,1,1,1,1,1,,,,
930,Pier-Hugues Pellerin,4,6,0,3,1,,,,
931,Jonathan D Strootman,1,1,0,0,1,,,,
932,Sebastian,1,62,62,0,49,,,,
933,sabi0,3,44,13,0,5,10.0,4.0,9.0,0.0
934,Giuseppe,1,2,0,0,1,,,,
935,Brandon Kobel,6,101,84,0,13,,,,
936,Catherine Snow,1,1,1,0,1,,,,
937,sungjunyoung,1,2,2,0,1,0.0,1.0,1.0,0.0
938,Zach,41,1100,315,2,65,,,,
939,Andreas Roussos,1,10,10,0,8,,,,
940,Martin Scholz,2,48,37,0,16,,,,
941,mms-programming,1,3,1,0,2,0.0,2.0,2.0,0.0
942,Christopher Best,1,1,1,0,1,,,,
943,Tim Vernum,67,24620,1516,6,511,,,,
944,Randall Britten,3,20,21,0,10,,,,
945,J¨¹rgen van Dijk,1,1,1,0,1,,,,
946,msancho,1,2,2,0,1,0.0,1.0,1.0,0.0
947,Kunal Kapoor,3,147,68,0,9,,,,
948,Shashank Singh,1,1,1,1,1,,,,
949,NFM,1,1,1,1,1,,,,
950,Pavel Chertorogov,2,20,20,0,2,,,,
951,Steffen Siering,1,270,47,0,16,,,,
952,Md.Abdulla-Al-Sun,3,229,20,0,23,,,,
953,Robin Stocker,2,5,4,0,2,,,,
954,Arnaud Venturi,1,1,1,0,1,,,,
955,Alex Lattas,1,13,2,0,1,,,,
956,Jordan Kiang,1,29,3,0,2,,,,
957,Nikiforos Botis,1,4,7,0,1,,,,
958,Max Goodridge,1,3,3,0,3,,,,
959,Minwoo Kim,1,1,1,1,1,,,,
960,Stefan Gorgiovski,1,68,3,0,5,,,,
961,AdityaJNair,1,667,431,0,38,0.0,1.0,1.0,0.0
962,Marios Trivyzas,141,30976,14674,11,1367,,,,
963,Stuart Neivandt,1,34,3,0,2,,,,
964,lcawl,783,67117,39367,14,4493,1172.0,628.0,650.0,35.0
965,David Causse,3,102,30,1,8,,,,
966,Abdon Pijpelink,2,3,3,0,2,,,,
967,wyukawa,1,1,1,1,1,1.0,1.0,7.0,0.0
968,Suhas Karanth,4,610,6,0,11,,,,
969,Dmitriy Troyan,1,1,1,0,1,,,,
970,Nilabh Sagar,2,437,19,1,7,,,,
971,Ulugbek Baymuradov,1,1,1,0,1,,,,
972,Andrew Selden,1,1,1,0,1,,,,
973,Himanshu Bhandoh,1,1,1,0,1,,,,
974,BUPTAnderson,1,6,10,1,1,0.0,1.0,1.0,0.0
975,Iliiaz Akhmedov,1,2,2,0,1,,,,
976,Sophie Chang,7,674,542,1,34,,,,
977,Fabien Baligand,3,111,49,3,6,,,,
978,Jim Ferenczi,95,1061,798,21,217,,,,
979,Michael Despotopoulos,1,1,1,0,1,,,,
980,farisk,1,2,0,0,1,0.0,1.0,1.0,0.0
981,Koen De Groote,13,180,202,1,88,,,,
982,Guillaume Le Floch,6,483,78,1,39,,,,
983,Bodecker DellaMaria,2,9,5,0,2,,,,
984,Danilo Akamine,1,0,5,0,1,,,,
985,Till Backhaus,1,4,3,0,1,,,,
986,Toby McLaughlin,7,122,60,1,11,,,,
987,olcbean,27,1554,747,4,136,169.0,65.0,83.0,0.0
988,Winston Ewert,1,45,1,0,2,,,,
989,Chee Wee,1,1,1,0,1,,,,
990,Anupam,1,1,1,0,1,,,,
991,glefloch,1,4,2,0,1,7.0,9.0,9.0,0.0
992,joachimdraeger,3,106,46,1,9,5.0,4.0,7.0,0.0
993,Chris Ivens,1,1,1,0,1,,,,
994,propulkit,2,2,3,0,2,1.0,3.0,3.0,0.0
995,Byron Voorbach,1,9,4,0,3,,,,
996,Vlad Holubiev,4,5,5,0,4,,,,
997,Luis Majano,1,7,4,0,1,,,,
998,George Papadrosou,1,86,12,1,8,,,,
999,Oleksandr Chychkan,1,1,1,0,1,,,,
1000,Kristen,1,3,3,0,1,,,,
1001,archana,1,1,1,0,1,,,,
1002,Ant¨®nio Ribeiro,1,4,4,0,2,,,,
1003,Brian Lesperance,1,1,1,0,1,,,,
1004,mashudong,1,1,1,1,1,9.0,1.0,6.0,0.0
1005,Sergey Novikov,3,116,10,0,11,,,,
1006,Yibin Lin,1,1,1,0,1,,,,
1007,Christian Hofstaedtler,1,3,12,0,2,,,,
1008,Yu,18,2820,732,1,122,,,,
1009,Eli Skeggs,1,1,1,0,1,,,,
1010,Andrey Groshev,1,11,0,0,6,,,,
1011,Sanne Grinovero,1,3,0,0,1,,,,
1012,Pandiyan Murugan,1,1,1,0,1,,,,
1013,Sergey Galkin,7,1507,391,1,27,,,,
1014,Andy Bristol,78,17677,4251,6,350,,,,
1015,John Murphy,2,12,99,0,7,,,,
1016,Nathan Taylor,1,0,1,0,1,,,,
1017,dkimdon,1,4,4,0,1,0.0,1.0,1.0,0.0
1018,Marcus Wittig,1,1,1,0,1,,,,
1019,Andreas Gebhardt,1,49,2,0,3,,,,
1020,Wesley Merkel,1,3,3,0,1,,,,
1021,Viral-Inc,1,1,1,0,1,0.0,2.0,2.0,0.0
1022,matarrese,8,435,94,1,34,4.0,11.0,11.0,0.0
1023,Herman Schaaf,1,1,1,0,1,,,,
1024,Neil Rickards,1,1,1,0,1,,,,
1025,Michael Basnight,144,101308,85227,21,3907,,,,
1026,propulkit,1,2,2,0,1,1.0,3.0,3.0,0.0
1027,Sam Cinco,1,20,1,0,2,,,,
1028,honourednihilist,1,28,13,0,2,0.0,2.0,2.0,0.0
1029,Aron Szanto,1,4,4,0,1,,,,
1030,Stuart Neivandt,2,127,30,0,7,,,,
1031,Ian Fisk,1,1,1,0,1,,,,
1032,Albert Zaharovits,87,22485,11405,17,599,,,,
1033,hanbj,5,28,13,1,7,7.0,16.0,17.0,0.0
1034,JapSeyz,1,1,1,0,1,0.0,1.0,1.0,0.0
1035,dlindeque,1,1,1,0,1,0.0,1.0,1.0,0.0
1036,Berg Lloyd-Haig,1,15,8,0,1,,,,
1037,Jordan Sissel,1,1,0,0,1,,,,
1038,R Tsien,1,1,1,0,1,,,,
1039,desmorto,1,23,23,0,18,1.0,7.0,7.0,0.0
1040,michaelbaamonde,1,1,1,0,1,4.0,2.0,2.0,0.0
1041,Atothendrew,1,1,1,0,1,0.0,1.0,1.0,0.0
1042,Albert Zaharovits,51,8368,2009,5,285,,,,
1043,Marco Monaco,1,5,2,0,2,,,,
1044,shaulzorea,3,3,3,2,3,0.0,4.0,4.0,0.0
1045,marcocova,1,3,3,1,1,0.0,1.0,1.0,0.0
1046,Kevin Risden,1,1,1,0,1,,,,
1047,jiangzhuolin,1,1,1,0,1,1.0,1.0,1.0,0.0
1048,etiennecarriere,1,55,39,0,2,2.0,1.0,2.0,0.0
1049,mohit,1,408,67,0,6,0.0,1.0,1.0,0.0
1050,Daniel A. Ochoa,1,1,1,0,1,,,,
1051,Bernd,1,1,1,0,1,,,,
1052,Claudio Bley,1,19,1,0,2,,,,
1053,kel,43,3145,1857,1,199,,,,
1054,Armin Braun,640,40621,41730,75,3479,,,,
1055,Tahmim Ahmed Shibli,1,1,1,0,1,,,,
1056,wasserman,1,1,1,0,1,0.0,1.0,2.0,0.0
1057,Jiri Tyr,2,3,3,0,2,,,,
1058,Costin Leau,194,158625,127291,13,5973,,,,
1059,David Turner,430,43880,19761,54,1870,,,,
1060,Nhat,6,450,454,0,46,,,,
1061,Steve Kotsopoulos,1,3,0,0,1,,,,
1062,Thomas Kappler,1,28,3,0,2,,,,
1063,Nik Everett,1,0,0,0,0,,,,
1064,vurple,1,10,0,0,1,0.0,1.0,1.0,0.0
1065,Nicolas Sierra,1,12,3,0,1,,,,
1066,Anton Pozhidaev,2,105,47,0,4,,,,
1067,Reto Sch¨¹ttel,1,37,1,0,1,,,,
1068,agent5566,1,1,1,0,1,0.0,1.0,1.0,0.0
1069,Divyum Rastogi,1,7,1,0,1,,,,
1070,Stephen Yeargin,1,1,1,0,1,,,,
1071,Loading Zhang,1,2,2,0,1,,,,
1072,Nhat,717,43159,28654,54,3641,,,,
1073,Catalin Ursachi,6,1807,136,1,49,,,,
1074,Holger Bartnick,2,3,1,0,3,,,,
1075,Clarkie,1,13,13,0,1,,,,
1076,Nhat,1,362,31,0,12,,,,
1077,Boris Tyukin,1,1,1,0,1,,,,
1078,Nick Lang,1,153,153,0,2,,,,
1079,Patrice Bourgougnon,1,3,0,0,1,,,,
1080,Mayya Sharipova,113,18474,5172,3,745,,,,
1081,Reese Levine,1,52,0,0,2,,,,
1082,tinder-xli,2,20,14,0,3,1.0,4.0,4.0,0.0
1083,Scott Newson,1,1,2,0,1,,,,
1084,K. Daniel Newton,1,1,1,0,1,,,,
1085,Christoph B¨¹scher,10,541,387,0,74,,,,
1086,Christoph B¨¹scher,6,22,16,0,4,,,,
1087,Takumasa Ochi,3,12,11,0,4,,,,
1088,Igor Kupczy¨½ski,1,1,1,0,1,,,,
1089,Kanako Nakai,1,3,3,0,1,,,,
1090,Philipp Krenn,2,48,21,0,4,,,,
1091,Denis Gladkikh,1,3,0,0,1,,,,
1092,·ðÍÓ.RML,1,1,1,0,1,,,,
1093,ajrpayne,1,2,2,0,1,0.0,1.0,1.0,0.0
1094,Andrew Banchich,9,74,74,4,9,,,,
1095,Robin Neatherway,8,21,22,0,10,,,,
1096,olcbean,28,5478,715,3,197,169.0,65.0,83.0,0.0
1097,Avneesh Chadha,1,3,1,0,1,,,,
1098,Ioannis Kakavas,101,32594,8131,5,1137,,,,
1099,Christoph B¨¹scher,343,20931,10757,20,1870,,,,
1100,Alan Woodward,67,11186,2647,16,676,,,,
1101,Alex Crome,1,1,1,1,1,,,,
1102,sandstrom,1,4,1,0,1,10.0,1.0,3.0,0.0
1103,Stuart Cam,2,40,66,0,18,,,,
1104,Maxime Gr¨¦au,3,278,4,0,13,,,,
1105,Sian Lerk Lau,3,373,24,0,12,,,,
1106,Doug Turnbull,2,50,2,0,3,,,,
1107,Timoshenko,1,3,0,0,1,,,,
1108,hyeonyoung na,1,6,6,0,1,,,,
1109,Nathan Gass,1,33,6,0,1,,,,
1110,Combalgorythm,1,3,3,0,2,,,,
1111,Boudewijn,1,2,2,0,1,,,,
1112,akadko,1,1,2,0,1,0.0,1.0,1.0,0.0
1113,fbsolo,1,13,12,0,1,0.0,1.0,1.0,0.0
1114,Yogesh Gaikwad,89,26697,4441,18,619,,,,
1115,Tony Zeng,1,37,0,0,2,,,,
1116,deepybee,1,3,3,0,1,0.0,1.0,2.0,0.0
1117,David Shimon,1,1,1,0,1,,,,
1118,Jin Liang,1,1,1,0,1,,,,
1119,David Kemp,1,66,7,0,2,,,,
1120,Andrew Kramarev,1,1,1,0,1,,,,
1121,Alex Moros Marco,3,3,3,0,3,,,,
1122,Devin Young,1,1,1,0,1,,,,
1123,Arne Neumann,1,3,0,1,1,,,,
1124,Islam Heggo,1,2,2,0,1,,,,
1125,Rachel Johnson,1,2,2,0,1,,,,
1126,Andrew Anderson,1,1,1,0,1,,,,
1127,Ali El broudi,1,2,2,0,1,,,,
1128,Kuaaaly,1,1,1,0,1,0.0,1.0,1.0,0.0
1129,Paul Schwarz,1,3,3,0,1,,,,
1130,Cladis,1,1,1,0,1,0.0,5.0,5.0,0.0
1131,Justin Wyer,1,89,9,0,4,,,,
1132,Alejandro Carstens Cattori,1,1,1,0,1,,,,
1133,Mikal,1,6,1,0,1,,,,
1134,Lokesh Mohanty,1,1,1,0,1,,,,
1135,jxy,1,14,1,1,2,,,,
1136,lzh3636,1,1,1,1,1,0.0,2.0,4.0,0.0
1137,FUJI Goro,1,3,3,0,1,,,,
1138,Andrew Odendaal,3,11,3,0,4,,,,
1139,polyfractal,71,4574,1779,7,376,827.0,215.0,345.0,55.0
1140,Tim Roes,1,1,1,0,1,,,,
1141,Menno Oudshoorn,2,353,9,0,19,,,,
1142,Jonathan Pool,1,1,1,0,1,,,,
1143,Craig van Tonder,1,2,2,0,1,,,,
1144,Paul Sanwald,2,153,20,1,3,,,,
1145,Shane O'Grady,1,7,7,0,1,,,,
1146,Joost Rothweiler,1,2,14,0,1,,,,
1147,Chun On Lee,1,1,1,0,1,,,,
1148,Tom Veasey,12,309,86,0,34,,,,
1149,Alan Woodward,118,17541,27772,9,2649,,,,
1150,Sue Gallagher,8,206,81,2,11,,,,
1151,tnsatish,1,1,1,0,1,0.0,1.0,1.0,0.0
1152,joadha,1,1,1,0,1,0.0,1.0,1.0,0.0
1153,tomcallahan,14,4831,2483,0,151,48.0,19.0,25.0,10.0
1154,Milan Chovatiya,1,70,31,0,3,,,,
1155,Petr Nov¨¢k,1,5,0,0,1,,,,
1156,Jean-Charles Legras,1,1,1,0,1,,,,
1157,Bart van Oort,1,10,15,0,1,,,,
1158,Diwas Joshi,2,5,1,0,2,,,,
1159,Bolarinwa Saheed Olayemi,2,25,2,0,2,,,,
1160,David Leatherman,2,55,0,0,8,,,,
1161,rationull,8,1435,806,1,62,29.0,8.0,9.0,0.0
1162,rzmf,1,1,1,0,1,0.0,1.0,1.0,0.0
1163,Ragnar Nevries,1,1,1,0,1,,,,
1164,Johnny Marnell,1,4,4,0,2,,,,
1165,Van0SS,3,2402,215,0,46,25.0,4.0,4.0,0.0
1166,yangyang.liu,1,1,1,0,1,,,,
1167,D Pinto,1,1,1,0,1,,,,
1168,Vladimir Dolzhenko,41,12186,4379,5,430,,,,
1169,Sachin Frayne,1,1,1,0,1,,,,
1170,Chandan83,1,341,8,0,5,0.0,1.0,2.0,0.0
1171,Julie Tibshirani,222,27875,14411,20,1965,,,,
1172,Paul Sanwald,20,1556,238,5,63,,,,
1173,ZarHenry96,1,1,0,0,1,0.0,1.0,1.0,0.0
1174,Saren Currie,1,3,3,0,1,,,,
1175,Conor Landry,3,360,110,0,25,,,,
1176,wmellouli,1,14,3,0,2,3.0,1.0,1.0,0.0
1177,Thomas Callahan,1,1,1,1,1,,,,
1178,Dave Moore,2,6,0,0,2,,,,
1179,Matija Bruncic,2,12,0,0,2,,,,
1180,aditya-agrawal,2,76,0,0,6,0.0,1.0,1.0,0.0
1181,Karim Frenn,2,2,2,0,2,,,,
1182,Alpar Torok,345,20513,140100,43,1719,,,,
1183,Mueed Chaudhry,1,5,0,0,1,,,,
1184,Ioannis Kakavas,145,8751,2863,13,577,,,,
1185,srini-raman,1,2,2,0,1,0.0,2.0,2.0,0.0
1186,lukens,1,1,1,0,1,17.0,1.0,2.0,0.0
1187,Shashwat Anand,1,2,2,0,2,,,,
1188,William Dearden,1,3,0,0,1,,,,
1189,Adam Chalkley,1,1,1,0,1,,,,
1190,Lee Jones,1,1,1,0,1,,,,
1191,Fernando Medina Corey,1,1,1,1,1,,,,
1192,Sohaib Iftikhar,19,9516,1439,0,216,,,,
1193,lipsill,16,767,456,1,204,10.0,18.0,20.0,0.0
1194,Michael Russell,1,1,1,0,1,,,,
1195,Dmitri Moore,1,1,1,0,1,,,,
1196,Nirmal Chidambaram,1,134,14,0,4,,,,
1197,Aditya Dhulipala,1,23,1,1,4,,,,
1198,Yuri Tceretian,1,2,2,0,1,,,,
1199,Ben Abrams,2,33,6,0,6,,,,
1200,Vladimir Dolzhenko,11,35,38,4,16,,,,
1201,Jonathan Pool,1,4,0,0,1,,,,
1202,Peter Evers,2,3,3,0,2,,,,
1203,ritesh-kapoor,1,3,0,0,1,0.0,1.0,1.0,0.0
1204,Fredrik Meyer,1,4,4,0,1,,,,
1205,Nirmal Chidambaram,2,29,7,1,4,,,,
1206,Jake Landis,107,12176,3575,28,667,,,,
1207,albendz,2,152,38,0,6,9.0,4.0,4.0,0.0
1208,Jimi Ford,1,1,1,1,1,,,,
1209,ahmedakef,1,1,1,0,1,0.0,1.0,1.0,0.0
1210,aptxx,1,1,1,0,1,0.0,1.0,1.0,0.0
1211,Nick Peihl,2,46,30,0,9,,,,
1212,itsnotv,1,7,9,1,2,0.0,2.0,2.0,0.0
1213,Andrey Ershov,46,11854,3753,7,330,,,,
1214,mzbeck,1,34,28,0,1,0.0,1.0,1.0,0.0
1215,w-bonelli,1,2,2,0,1,0.0,1.0,1.0,0.0
1216,Colm O'Shea,1,1,1,1,1,,,,
1217,aaronoah,1,6,0,0,1,1.0,1.0,2.0,0.0
1218,Benjamin Trent,363,103171,18818,85,3014,,,,
1219,Matthias Sieber,1,1,1,1,1,,,,
1220,simonzheng,1,2,1,0,1,0.0,1.0,1.0,0.0
1221,Parth Verma,1,18,1,0,2,,,,
1222,Suresh N S,1,5,0,0,1,,,,
1223,Morten Segelvik,1,1,1,0,1,,,,
1224,Ed Savage,16,4386,689,0,138,,,,
1225,Ed Savage,4,36,0,0,8,,,,
1226,datosh,1,1,1,0,1,0.0,1.0,1.0,0.0
1227,Hazem Khaled,1,3,6,0,1,,,,
1228,JeffSaxeVA,1,24,2,1,1,0.0,1.0,1.0,0.0
1229,JB Nizet,1,1,1,0,1,,,,
1230,Tim Ryan,1,3,3,0,1,,,,
1231,Sergey,1,1,1,0,1,,,,
1232,Ignacio Vera,28,5550,1564,2,200,,,,
1233,Gordon Brown,128,17382,7148,9,838,,,,
1234,Andrei Stefan,4,3,0,0,3,,,,
1235,Mikita Karaliou,1,66,1,0,4,,,,
1236,Dominik,1,1,1,1,1,,,,
1237,Jilles van Gurp,3,1073,750,0,21,,,,
1238,Mark Tozzi,7,1228,133,1,43,,,,
1239,Gordon Brown,2,250,3,0,8,,,,
1240,tony-dillon,1,14,32,0,3,0.0,1.0,1.0,0.0
1241,Nikolay Vasiliev,3,10,11,1,5,,,,
1242,S.Y. Wang,1,403,59,0,10,,,,
1243,Chris Roberson,3,309,1,0,5,,,,
1244,Marios Trivyzas,33,6783,3845,3,257,,,,
1245,Joel Green,1,1,1,0,1,,,,
1246,Bukhtawar,2,360,34,0,7,28.0,8.0,25.0,0.0
1247,Or Bin,1,42,42,0,25,,,,
1248,ben5556,1,1,1,0,1,0.0,1.0,1.0,0.0
1249,Dan Tennery-Spalding,1,4,4,0,1,,,,
1250,Tim Heckel,1,2,2,0,1,,,,
1251,Tomas Della Vedova,11,104,111,1,33,,,,
1252,horacimacias,1,1,1,0,1,0.0,1.0,1.0,0.0
1253,Christophe Bismuth,9,1862,279,1,52,,,,
1254,Shivaank121,1,1,1,0,1,0.0,1.0,1.0,0.0
1255,Yogesh Gaikwad,1,1,0,0,1,,,,
1256,Przemyslaw Gomulka,69,16281,3975,19,526,,,,
1257,Serge Populov,1,1,1,0,1,,,,
1258,Andriy,1,2,2,0,1,,,,
1259,Wilder Pereira,3,5,5,0,3,,,,
1260,Kazuhiro Sera,1,153,152,0,101,,,,
1261,iverase,20,3097,394,1,367,185.0,100.0,133.0,21.0
1262,eray,2,322,120,0,21,,,,
1263,amoreauCoveo,1,3,3,0,1,0.0,1.0,1.0,0.0
1264,Nathan Delhaye,1,1,1,0,1,,,,
1265,Andrey Ershov,22,3828,1054,4,123,,,,
1266,fonxian,1,1,1,0,1,0.0,1.0,1.0,0.0
1267,Frederik Bosch,1,5,1,0,1,,,,
1268,Emily S,1,6,2,0,4,,,,
1269,hanbing0715,1,1,2,0,1,0.0,1.0,1.0,0.0
1270,Andrey Atapin,1,94,81,0,30,,,,
1271,ÍõÕñÜö,2,4,2,0,2,,,,
1272,Senthil,1,2,2,0,1,,,,
1273,vboulaye,2,379,140,0,7,3.0,2.0,2.0,0.0
1274,Pratik Sanglikar,1,205,200,0,93,,,,
1275,Ken MacInnis,1,2,0,0,1,,,,
1276,Qian Hong,1,4,4,1,3,,,,
1277,"Seong-hyun, Oh",1,15,2,0,3,,,,
1278,Alexandru Rusanescu,1,1,0,0,1,,,,
1279,Milan Mrdjen,1,1073,1,0,12,,,,
1280,Alexander Zhukov,1,2,2,0,1,,,,
1281,Jeff Soloshy,1,7,5,1,1,,,,
1282,Chris Cho,2,14,8,0,2,,,,
1283,Jeff Hajewski,4,330,339,2,40,,,,
1284,Jernej Klancic,2,416,155,0,31,,,,
1285,Arthur Gavlyukovskiy,1,367,151,0,87,,,,
1286,Ekal Golas,1,577,1127,1,2,,,,
1287,Takuro Wada,1,1,1,0,1,,,,
1288,William Desportes,1,1,1,0,1,,,,
1289,John,1,10,2,0,2,,,,
1290,Sachin Araballi,1,16,16,0,1,,,,
1291,ik,1,174,0,0,2,,,,
1292,patrykk21,1,4,0,0,1,0.0,1.0,2.0,0.0
1293,Chris Koehnke,1,2,2,0,2,,,,
1294,Guido Lena Cota,2,9,9,0,2,,,,
1295,Gil Raphaelli,3,7,3,1,3,,,,
1296,Jacques B,1,1,1,0,1,,,,
1297,Igor Suhorukov,1,6,36,0,5,,,,
1298,Christian Schneider,1,291,131,0,7,,,,
1299,docteurjay,1,0,2,0,1,0.0,1.0,1.0,0.0
1300,Max Penet,1,3,0,0,1,,,,
1301,Evgenia Badyanova,3,121,56,0,10,,,,
1302,Itamar Benjamin,1,209,30,0,12,,,,
1303,Peter Lyons,1,1,1,0,1,,,,
1304,Alexis Wilke,1,1,1,0,1,,,,
1305,Abdullah DURSUN,1,1,1,0,1,,,,
1306,Josh Soref,11,192,192,0,119,,,,
1307,David Findley,1,162,1,0,6,,,,
1308,Adam Thomson,1,2,2,0,1,,,,
1309,Evangelos Chatzikalymnios,1,56,27,0,2,,,,
1310,Morris Schreibman,1,21,18,0,1,,,,
1311,Jiyu-Zhang-Zendesk,1,1,0,0,1,0.0,1.0,1.0,0.0
1312,Georgi Ivanov,1,4,4,0,2,,,,
1313,Marios Trivyzas,6,34,31,0,6,,,,
1314,niloct,2,6,4,1,2,4.0,2.0,2.0,0.0
1315,Fabricio Archanjo Fonseca,1,7,1,1,1,,,,
1316,Torgeir Thoresen,1,3,3,0,2,,,,
1317,Mike Place,4,389,213,0,12,,,,
1318,Heather McCartney,1,2,2,0,1,,,,
1319,Henning Andersen,109,8275,2663,24,407,,,,
1320,Yulong,1,72,4,0,3,,,,
1321,Yuri Astrakhan,4,1702,246,0,38,,,,
1322,Ricardo Ferreira,1,15,42,0,3,,,,
1323,Vishnu Gt,1,37,4,1,5,,,,
1324,Sivagurunathan Velayutham,4,1022,49,0,17,,,,
1325,Henning Andersen,5,31,94,0,7,,,,
1326,Pascal Christoph,1,6,6,0,3,,,,
1327,Desmond Vehar,1,87,3,0,7,,,,
1328,austintp,1,5,5,0,1,0.0,1.0,1.0,0.0
1329,Darren Meiss,17,250,245,0,17,,,,
1330,Magnus Reftel,1,4,1,0,1,,,,
1331,Milly,1,2,2,0,2,0.0,1.0,1.0,0.0
1332,taku333,1,1,1,0,1,1.0,4.0,5.0,0.0
1333,Hannes Van De Vreken,1,1,1,0,1,,,,
1334,Mark Vieira,219,9573,8947,10,999,,,,
1335,Guilherme Ferreira,4,5,5,0,5,,,,
1336,Tamara Braun,3,172,33,0,8,,,,
1337,Mirko Jotic,1,782,0,0,1,,,,
1338,weizijun,8,244,42,1,14,0.0,12.0,20.0,0.0
1339,Neeraj Jain,1,1,1,0,1,,,,
1340,Mehran Koushkebaghi,1,61,65,0,7,,,,
1341,Shajahan Palayil,1,6,6,0,2,,,,
1342,Pedro Silva,1,12,9,0,12,,,,
1343,Richard Garside,1,1,1,0,1,,,,
1344,Prabhakar S,1,148,2,0,2,,,,
1345,Samuel Cifuentes Garc¨ªa,1,3,1,0,1,,,,
1346,Hiroki Nishino,1,2,2,0,1,,,,
1347,Ian,1,1,1,0,1,,,,
1348,Akshesh Doshi,2,197,77,0,4,,,,
1349,Ankit Jain,1,40,2,0,2,,,,
1350,MK Swanson,1,3,4,0,1,,,,
1351,David Emanuel Buchmann,1,6,6,0,7,,,,
1352,lzh3636,1,1,1,0,1,0.0,2.0,4.0,0.0
1353,ajoshbiol,1,66,7,0,2,0.0,2.0,2.0,1.0
1354,Varun Sharma,1,1,1,0,1,,,,
1355,Alex Doerr,1,2,0,0,1,,,,
1356,Mark Vovchuk,1,1,1,0,1,,,,
1357,krisds,2,4,8,0,2,0.0,7.0,7.0,0.0
1358,avshiav,1,1,1,0,1,0.0,1.0,1.0,0.0
1359,James Rodewig,442,34972,16730,8,2352,,,,
1360,RomainGeffraye,2,2,2,0,2,0.0,2.0,2.0,0.0
1361,aladdam,1,3,2,0,1,0.0,1.0,1.0,0.0
1362,S¨¦bastien Loix,1,1,1,0,1,,,,
1363,alex101101,1,143,2,0,5,2.0,2.0,2.0,0.0
1364,Diego Cardozo Sandrim,1,7,4,0,1,,,,
1365,Bogdan Pintea,7,848,82,4,17,,,,
1366,Oghenovo Usiwoma,1,37,4,0,3,,,,
1367,Omkar Deshpande,1,2,2,0,1,,,,
1368,Ricky(µÀÀë),1,2,10,0,1,,,,
1369,roy,1,35,1,1,2,,,,
1370,Ahmad Bamieh,1,7,0,0,1,,,,
1371,Iana Bondarska,1,26,4,0,3,,,,
1372,Bob Blank,1,2,2,0,1,,,,
1373,Arlind,1,1,1,0,1,,,,
1374,Joe Zack,1,1,0,1,1,,,,
1375,Melori Arellano,1,14,7,0,1,,,,
1376,Hicham Mallah,3,199,110,1,13,,,,
1377,Jash Gala,1,1,1,0,1,,,,
1378,Dan Hermann,30,3073,668,0,127,,,,
1379,Michael Morello,1,78,5,0,3,,,,
1380,Sandmannn,4,546,240,0,60,,,,
1381,Issam EL-ATIF,3,10,48,0,8,,,,
1382,Guillaume Darmont,1,4,2,1,2,,,,
1383,Nikita Glashenko,7,1203,390,2,47,,,,
1384,William Brafford,32,4707,2164,4,222,,,,
1385,Alpar Torok,1,118,71,0,14,,,,
1386,Flavio Pompermaier,2,2,2,0,2,,,,
1387,Daniel Schneiter,1,1,1,0,1,,,,
1388,Christian Mesh,1,93,0,0,4,,,,
1389,Kamyar Ghajar,1,1,1,0,1,,,,
1390,MK Swanson,2,20,16,0,2,,,,
1391,Mengwei Ding,1,2,1,0,1,,,,
1392,mushao999,1,1,1,0,1,0.0,1.0,1.0,0.0
1393,swstepp,1,1,1,0,1,0.0,2.0,2.0,0.0
1394,emasab,4,785,100,2,33,4.0,5.0,5.0,0.0
1395,bellengao,17,463,86,1,40,,,,
1396,Travis Steel,1,1,1,0,1,,,,
1397,G¨¹rkan Kaymak,1,43,4,0,2,,,,
1398,Vigya Sharma,1,112,12,0,4,,,,
1399,kevin fuksman,1,9,4,1,2,,,,
1400,Ojas gulati,2,275,159,0,19,,,,
1401,Alex Pang,2,2,2,0,2,,,,
1402,henryptung,1,77,48,0,22,0.0,1.0,3.0,0.0
1403,Vigya Sharma,1,102,5,1,2,,,,
1404,Jason Matthews,1,1,1,0,1,,,,
1405,Shubham Vipul Majmudar,1,1,1,0,1,,,,
1406,Sam Mingo,1,3,3,1,1,,,,
1407,Sachin Frayne,3,28,24,0,5,,,,
1408,Rafiullah Hamedy,1,199,90,0,3,,,,
1409,Mirek Svoboda,1,3,1,0,1,,,,
1410,Gabryel Monteiro,1,824,334,0,7,,,,
1411,Istv¨¢n Zolt¨¢n Szab¨®,119,9754,3759,1,248,,,,
1412,Brandon Morelli,3,3,3,0,3,,,,
1413,Christos Soulios,4,1821,1543,0,112,,,,
1414,synical,1,0,1,0,1,0.0,1.0,1.0,0.0
1415,Stuart Tettemer,26,6526,1593,2,283,,,,
1416,Luiz Guilherme Pais dos Santos,1,37,2,1,1,,,,
1417,Matthew Adams,1,1,1,0,1,,,,
1418,Ernesto Reig,1,1,1,0,1,,,,
1419,rbayet,1,2,3,0,1,0.0,1.0,1.0,0.0
1420,Ryan Ernst,139,14432,18645,14,3295,,,,
1421,David Turner,3,5,3,0,3,,,,
1422,paulward24,1,1,1,0,1,0.0,1.0,2.0,0.0
1423,Mark Tozzi,17,11131,4311,1,467,,,,
1424,Peter Lieverdink,1,1,1,0,1,,,,
1425,marcos ramos,1,2,2,0,1,,,,
1426,vinoov,1,7,0,0,2,1.0,1.0,2.0,0.0
1427,surprisingb,1,2,2,0,1,0.0,1.0,1.0,0.0
1428,Tanguy Buchier,1,3,1,0,1,,,,
1429,Dan Fey,1,1,1,1,1,,,,
1430,david raistrick,1,3,2,0,2,,,,
1431,magnusram05,1,1,1,0,1,0.0,3.0,3.0,0.0
1432,Lucas Groenendaal,1,1,1,0,1,,,,
1433,maarab7,1,1,1,0,1,0.0,1.0,1.0,0.0
1434,Jinhu Wu,1,74,15,0,10,,,,
1435,Enrico Zimuel,3,109,109,1,109,,,,
1436,Jesse Wright,1,1,1,0,1,,,,
1437,kkewwei,1,26,2,1,2,0.0,7.0,26.0,0.0
1438,Alison Goryachev,1,4,6,0,1,,,,
1439,Bas ten Berge,1,0,4,0,1,,,,
1440,Emily S,1,0,399,0,6,,,,
1441,Chris Dean,2,31,28,1,5,,,,
1442,Emmanuel DEMEY,1,13,1,0,1,,,,
1443,Rory Hunter,59,16387,11508,4,765,,,,
1444,Vega,1,10,10,0,4,,,,
1445,LHearen,2,5,3,0,2,,,,
1446,Jonathan Hult,1,1,1,0,1,,,,
1447,Denis Derezhenets,1,13,1,0,2,,,,
1448,dengweisysu,2,6,0,0,2,4.0,4.0,6.0,0.0
1449,Nathan Howard,1,8,2,0,1,,,,
1450,jbonn360,1,81,31,0,7,0.0,1.0,1.0,0.0
1451,Rory Hunter,3,143,135,0,6,,,,
1452,dengweisysu,1,20,9,0,1,4.0,4.0,6.0,0.0
1453,Anup,1,0,1,0,1,,,,
1454,Andr¨¦ Letterer,1,16,3,0,4,,,,
1455,Aleh Zasypkin,3,77,84,0,13,,,,
1456,"Yunfeng,Wu",1,25,1,0,2,,,,
1457,Anton,2,2,2,0,2,,,,
1458,lois.×ó,1,1,1,0,1,,,,
1459,Suhel Khan,1,1,1,0,1,,,,
1460,Abhilash Bolla,1,1,1,1,1,,,,
1461,Thibault Richard,1,1,1,0,1,,,,
1462,dengziming,1,13,13,0,9,0.0,1.0,1.0,0.0
1463,Andrei Dan,45,5154,1498,4,158,,,,
1464,James Lamb,1,1,1,0,1,,,,
1465,Przemko Robakowski,32,5273,2108,10,197,,,,
1466,Christos Soulios,12,2165,651,2,55,,,,
1467,Oliver Gupte,2,31,2,1,4,,,,
1468,Philip Krauss,2,10,126,0,2,,,,
1469,rikardbakkehaug,1,3,3,0,1,0.0,1.0,1.0,0.0
1470,Javier Ruiz,1,2,2,0,1,,,,
1471,maidoo,1,91,24,0,4,,,,
1472,seanmcrw,1,10,10,0,18,0.0,1.0,1.0,0.0
1473,Gaurav614,1,113,3,0,3,4.0,1.0,1.0,0.0
1474,Andrew Naguib,1,18,3,0,1,,,,
1475,Howard,2,173,32,1,13,,,,
1476,Robin Clarke,2,6,6,0,2,,,,
1477,AndyHunt66,2,0,2,0,2,0.0,2.0,5.0,0.0
1478,Francois-Clement Brossard,2,19,2,0,2,,,,
1479,Karen Metts,3,4,6,0,3,,,,
1480,Florian Kelbert,6,17,17,0,7,,,,
1481,Matt Braymer-Hayes,2,2,2,0,2,,,,
1482,Ian Danforth,3,3,3,0,3,,,,
1483,David Woods,1,5,0,0,1,,,,
1484,rsarawgi,1,17,29,0,13,2.0,1.0,1.0,0.0
1485,Takuya Kajiwara,1,3,3,0,1,,,,
1486,harsha-s,2,15,0,1,2,0.0,4.0,4.0,0.0
1487,Pedro Luiz Cabral Salomon Prado,2,2,2,1,2,,,,
1488,Alexandre Fonseca,1,1,1,0,1,,,,
1489,Brandon DeVault,1,2,2,0,1,,,,
1490,Cris da Rocha,1,1,1,0,1,,,,
1491,lgypro,2,2,2,0,2,0.0,2.0,2.0,0.0
1492,Daniel Andion,1,1,1,0,1,,,,
1493,Arvind Ramachandran,1,29,0,0,2,,,,
1494,kkewwei,2,271,13,0,6,0.0,7.0,26.0,0.0
1495,pulysak,1,1,1,0,1,0.0,1.0,1.0,0.0
1496,glerb,2,2,2,0,2,0.0,3.0,3.0,0.0
1497,Julian Simioni,1,1,2,0,1,,,,
1498,Arne Welzel,1,1,1,0,1,,,,
1499,Rafael Acevedo,5,17,16,1,19,,,,
1500,Patrick Maynard,1,1,1,0,1,,,,
1501,Josemy Duarte,1,240,132,0,12,,,,
1502,Orhan Toy,7,23,23,1,12,,,,
1503,SylvainJuge,1,2,2,1,2,0.0,1.0,1.0,0.0
1504,tjwilson90,1,9,2,0,2,0.0,1.0,1.0,0.0
1505,Antoine Garcia,1,1,1,0,1,,,,
1506,gpaimla,1,133,1,0,7,0.0,1.0,2.0,0.0
1507,Mathew Davis,1,1,1,0,1,,,,
1508,jesinity,1,1638,52,0,19,35.0,2.0,3.0,0.0
1509,Jared Tan,1,2,2,0,2,,,,
1510,Daniel Mitterdorfer,2,5,1,0,2,,,,
1511,Kelly Campbell,1,2,2,0,1,,,,
1512,j-bean,4,946,94,1,39,,,,
1513,Xiang Dai,2,24,24,0,16,,,,
1514,pigbrain,1,1,1,1,1,0.0,5.0,5.0,0.0
1515,Tugberk Ugurlu,1,1,1,0,1,,,,
1516,Eric Miers,1,4,0,0,1,,,,
1517,zacharymorn,6,2870,467,0,46,112.0,11.0,11.0,0.0
1518,Vishnu Chilamakuru,1,29,1,0,4,,,,
1519,Artur Carvalho,1,1,1,0,1,,,,
1520,shiwenjie12,1,1,1,0,1,0.0,3.0,3.0,0.0
1521,Stuart Cam,1,57,0,0,3,,,,
1522,Kevin Woblick,1,6,0,0,1,,,,
1523,Aleksandr Maus,24,10920,1099,0,195,,,,
1524,riverbuilding,1,3,3,0,1,0.0,2.0,6.0,0.0
1525,Jake,1,1,1,0,1,,,,
1526,Oleg,1,39,1,0,4,,,,
1527,arkel-s,1,3,3,0,1,0.0,1.0,2.0,0.0
1528,blueSky1825821,1,1,1,0,1,0.0,1.0,1.0,0.0
1529,Sean Story,2,2,2,0,2,,,,
1530,Larry Gregory,4,572,201,2,40,,,,
1531,junmuz,1,2,2,0,1,0.0,1.0,2.0,0.0
1532,Darren Foong,1,92,5,0,2,,,,
1533,Mykhailo Havelia,1,1,1,0,1,,,,
1534,Oleksandr Stasyk,1,2,0,0,1,,,,
1535,Yang Wang,20,1992,1166,1,167,,,,
1536,Benedict Jin,2,5,10,0,5,,,,
1537,PND,1,1,1,0,1,,,,
1538,Ted Timmons,1,2,2,0,1,,,,
1539,Maxim,4,908,52,0,26,,,,
1540,Jess,1,41,41,0,1,,,,
1541,Ross Wolf,11,4601,2500,1,77,,,,
1542,Dan Pickett,1,6,6,0,6,,,,
1543,Elvis Saravia,1,1,1,0,1,,,,
1544,Dominic Page,2,1606,668,0,24,,,,
1545,Amir H Movahed,1,71,34,0,6,,,,
1546,Alex Perrin,1,1,1,0,1,,,,
1547,Bogdan Pintea,8,1179,454,2,82,,,,
1548,Sven Schliesing,1,1,1,0,1,,,,
1549,Darren LaCasse,1,1,1,0,1,,,,
1550,Noor,1,1,1,0,1,,,,
1551,Jonathan Budzenski,2,93,93,0,62,,,,
1552,Jochem Wichers Hoeth,1,2,2,0,1,,,,
1553,Gautam,1,1,1,1,1,,,,
1554,Maria Ralli,4,206,92,0,34,,,,
1555,Grzegorz Banasiak,1,1,1,1,1,,,,
1556,baifan,1,1,1,0,1,,,,
1557,feifeiiiiiiiiii,1,18,0,0,2,,,,
1558,Edu Gonz¨¢lez de la Herr¨¢n,1,5,0,0,1,,,,
1559,Raidok,1,2,0,0,1,0.0,1.0,1.0,0.0
1560,OriGlassman,1,2,2,0,1,0.0,1.0,1.0,0.0
1561,Dongkuo Ma,1,35,9,0,4,,,,
1562,Kaihong.Wang,1,9,2,1,1,,,,
1563,JaeGeun,1,3,0,0,1,,,,
1564,Josh Devins,1,744,129,0,11,,,,
1565,hezhen Zhang,1,2,1,0,1,,,,
1566,jureaky,2,50,2,0,2,0.0,3.0,4.0,0.0
1567,Nattachai Suteerapongpan,1,1,1,0,1,,,,
1568,Jonathan Leitschuh,1,10,0,0,1,,,,
1569,Filip M. Nowak,1,1,1,1,1,,,,
1570,rhymes,1,1,1,0,1,0.0,1.0,1.0,0.0
1571,Muhammad Shaheer Akram,1,1,1,0,1,,,,
1572,Yosuke Hirakida,1,2,2,0,1,,,,
1573,Adam Canady,1,3,3,0,1,,,,
1574,Cau¨º Marcondes,1,5,2,0,2,,,,
1575,Anton Dollmaier,1,1,1,0,1,,,,
1576,Romain Gonord,1,1,1,0,1,,,,
1577,Greg Back,1,2,2,0,1,,,,
1578,Dominik Riemer,1,2,2,0,1,,,,
1579,Jakob Reiter,1,1,1,0,1,,,,
1580,Ryan Earle,1,1,1,0,1,,,,
1581,Yash Joshi,1,1,1,0,1,,,,
1582,Tianlun Li,1,30,17,0,3,,,,
1583,Ralph Ursprung,1,1,1,0,1,,,,
1584,Luca Belluccini,1,11,7,0,1,,,,
1585,Peter Schretlen,1,8,0,0,2,,,,
1586,musteaf,1,536,98,0,14,15.0,1.0,2.0,0.0
1587,C.J. Jameson,1,2,2,0,1,,,,
1588,Namgyu Kim,1,222,1,0,7,,,,
1589,muachilin,2,52,136,0,4,19.0,3.0,3.0,0.0
1590,Ahmet Arslan,1,1,1,0,1,,,,
1591,Gil Raphaelli,1,2,2,0,1,,,,
1592,tninokehoe,1,50,1,0,2,0.0,1.0,1.0,0.0
1593,Hakky54,1,122,2,0,3,6.0,2.0,4.0,0.0
1594,Th¨¦ophile Helleboid - chtitux,1,1,1,0,1,,,,
1595,Vishal Patel,2,51,26,0,2,,,,
1596,ScriptShi,1,70,5,0,2,,,,
1597,Dan Roscigno,1,2,0,0,1,,,,
1598,William Brafford,6,839,855,0,205,,,,
1599,ScriptShi,1,1,1,0,1,,,,
1600,Jim Crowley,2,43,27,0,6,,,,
1601,zhichen,1,749,11,0,30,9.0,1.0,4.0,0.0
1602,Ben Skelker,1,1,1,0,1,,,,
1603,jmceniery,1,1,1,0,1,0.0,2.0,3.0,0.0
1604,Fernando Briano,1,3,0,0,1,,,,
1605,David Kilfoyle,1,150,0,0,2,,,,
1606,Amit Khandelwal,1,75,3,0,3,,,,
1607,Yang Cheng,1,54,1,0,2,,,,
1608,RogerTheUnicornHive,1,3,2,0,1,0.0,1.0,1.0,0.0
1609,AB Prashanth,1,12,140,0,1,,,,
1610,Vanessa Bell,1,1,1,0,1,,,,
